Parameter,Parameter_Value,BF
L1_mm,35.0,1.5617321462073883
L1_mm,35.1,1.561429785505457
L1_mm,35.2,1.5611267334775185
L1_mm,35.3,1.5608229914289247
L1_mm,35.4,1.5605185606666798
L1_mm,35.5,1.560213442499435
L1_mm,35.6,1.5599076382374655
L1_mm,35.7,1.5596011491926636
L1_mm,35.8,1.5592939766785212
L1_mm,35.9,1.558986122010118
L1_mm,36.0,1.558677586504107
L1_mm,36.1,1.5583683714786989
L1_mm,36.2,1.558058478253652
L1_mm,36.3,1.5577479081502554
L1_mm,36.4,1.5574366624913178
L1_mm,36.5,1.5571247426011487
L1_mm,36.6,1.5568121498055532
L1_mm,36.7,1.55649888543181
L1_mm,36.8,1.5561849508086618
L1_mm,36.9,1.5558703472663011
L1_mm,37.0,1.555555076136356
L1_mm,37.1,1.5552391387518762
L1_mm,37.2,1.5549225364473207
L1_mm,37.3,1.5546052705585431
L1_mm,37.4,1.5542873424227779
L1_mm,37.5,1.5539687533786266
L1_mm,37.6,1.5536495047660452
L1_mm,37.7,1.55332959792633
L1_mm,37.8,1.553009034202103
L1_mm,37.9,1.5526878149372998
L1_mm,38.0,1.5523659414771553
L1_mm,38.1,1.5520434151681903
L1_mm,38.2,1.551720237358197
L1_mm,38.3,1.5513964093962276
L1_mm,38.4,1.551071932632578
L1_mm,38.5,1.5507468084187765
L1_mm,38.6,1.5504210381075691
L1_mm,38.7,1.5500946230529062
L1_mm,38.8,1.5497675646099303
L1_mm,38.9,1.5494398641349598
L1_mm,39.0,1.5491115229854782
L1_mm,39.1,1.5487825425201196
L1_mm,39.2,1.5484529240986546
L1_mm,39.3,1.5481226690819792
L1_mm,39.4,1.5477917788320967
L1_mm,39.5,1.5474602547121106
L1_mm,39.6,1.5471280980862063
L1_mm,39.7,1.546795310319639
L1_mm,39.8,1.5464618927787224
L1_mm,39.9,1.546127846830812
L1_mm,40.0,1.5457931738442943
L1_mm,40.1,1.5454578751885724
L1_mm,40.2,1.5451219522340531
L1_mm,40.3,1.5447854063521342
L1_mm,40.4,1.544448238915189
L1_mm,40.5,1.544110451296556
L1_mm,40.6,1.5437720448705234
L1_mm,40.7,1.5434330210123175
L1_mm,40.8,1.543093381098089
L1_mm,40.9,1.542753126504897
L1_mm,41.0,1.5424122586107027
L1_mm,41.1,1.5420707787943495
L1_mm,41.2,1.541728688435553
L1_mm,41.3,1.5413859889148855
L1_mm,41.4,1.5410426816137683
L1_mm,41.5,1.5406987679144528
L1_mm,41.6,1.5403542492000097
L1_mm,41.7,1.5400091268543161
L1_mm,41.8,1.539663402262044
L1_mm,41.9,1.5393170768086435
L1_mm,42.0,1.5389701518803331
L1_mm,42.1,1.5386226288640863
L1_mm,42.2,1.538274509147617
L1_mm,42.3,1.537925794119369
L1_mm,42.4,1.5375764851684999
L1_mm,42.5,1.5372265836848715
L1_mm,42.6,1.5368760910590358
L1_mm,42.7,1.5365250086822213
L1_mm,42.8,1.5361733379463207
L1_mm,42.9,1.5358210802438796
L1_mm,43.0,1.535468236968081
L1_mm,43.1,1.5351148095127352
L1_mm,43.2,1.534760799272264
L1_mm,43.3,1.534406207641692
L1_mm,43.4,1.5340510360166315
L1_mm,43.5,1.5336952857932684
L1_mm,43.6,1.533338958368354
L1_mm,43.7,1.532982055139187
L1_mm,43.8,1.5326245775036067
L1_mm,43.9,1.5322665268599747
L1_mm,44.0,1.531907904607166
L1_mm,44.1,1.5315487121445568
L1_mm,44.2,1.5311889508720085
L1_mm,44.3,1.5308286221898597
L1_mm,44.4,1.53046772749891
L1_mm,44.5,1.5301062682004103
L1_mm,44.6,1.5297442456960493
L1_mm,44.7,1.5293816613879392
L1_mm,44.8,1.5290185166786072
L1_mm,44.9,1.5286548129709816
L1_mm,45.0,1.5282905516683774
L3_mm,138.15,1.5328098614484915
L3_mm,138.20000000000002,1.5330695276964075
L3_mm,138.25,1.5333291939443237
L3_mm,138.3,1.5335888601922398
L3_mm,138.35,1.533848526440156
L3_mm,138.4,1.5341081926880715
L3_mm,138.45000000000002,1.5343678589359877
L3_mm,138.5,1.5346275251839039
L3_mm,138.55,1.5348871914318198
L3_mm,138.6,1.535146857679736
L3_mm,138.65,1.535406523927652
L3_mm,138.70000000000002,1.5356661901755682
L3_mm,138.75,1.5359258564234843
L3_mm,138.8,1.5361855226714005
L3_mm,138.85,1.5364451889193165
L3_mm,138.9,1.5367048551672324
L3_mm,138.95000000000002,1.5369645214151488
L3_mm,139.0,1.5372241876630648
L3_mm,139.05,1.5374838539109805
L3_mm,139.1,1.5377435201588967
L3_mm,139.15,1.5380031864068129
L3_mm,139.20000000000002,1.5382628526547288
L3_mm,139.25,1.5385225189026448
L3_mm,139.3,1.538782185150561
L3_mm,139.35,1.5390418513984767
L3_mm,139.4,1.5393015176463931
L3_mm,139.45000000000002,1.539561183894309
L3_mm,139.5,1.5398208501422248
L3_mm,139.55,1.540080516390141
L3_mm,139.6,1.5403401826380572
L3_mm,139.65,1.5405998488859733
L3_mm,139.70000000000002,1.5408595151338893
L3_mm,139.75,1.5411191813818055
L3_mm,139.8,1.5413788476297214
L3_mm,139.85,1.5416385138776376
L3_mm,139.9,1.5418981801255538
L3_mm,139.95000000000002,1.54215784637347
L3_mm,140.0,1.5424175126213857
L3_mm,140.05,1.542677178869302
L3_mm,140.1,1.5429368451172178
L3_mm,140.15,1.5431965113651338
L3_mm,140.20000000000002,1.54345617761305
L3_mm,140.25,1.5437158438609662
L3_mm,140.3,1.5439755101088823
L3_mm,140.35,1.544235176356798
L3_mm,140.4,1.544494842604714
L3_mm,140.45000000000002,1.5447545088526302
L3_mm,140.5,1.5450141751005462
L3_mm,140.55,1.5452738413484624
L3_mm,140.6,1.5455335075963783
L3_mm,140.65,1.5457931738442943
L3_mm,140.70000000000002,1.5460528400922107
L3_mm,140.75,1.5463125063401264
L3_mm,140.8,1.5465721725880428
L3_mm,140.85,1.5468318388359585
L3_mm,140.9,1.5470915050838747
L3_mm,140.95000000000002,1.547351171331791
L3_mm,141.0,1.5476108375797066
L3_mm,141.05,1.547870503827623
L3_mm,141.1,1.5481301700755392
L3_mm,141.15,1.5483898363234552
L3_mm,141.20000000000002,1.548649502571371
L3_mm,141.25,1.548909168819287
L3_mm,141.3,1.5491688350672033
L3_mm,141.35,1.5494285013151194
L3_mm,141.4,1.5496881675630354
L3_mm,141.45000000000002,1.5499478338109511
L3_mm,141.5,1.5502075000588673
L3_mm,141.55,1.5504671663067835
L3_mm,141.6,1.5507268325546997
L3_mm,141.65,1.5509864988026156
L3_mm,141.70000000000002,1.551246165050532
L3_mm,141.75,1.5515058312984475
L3_mm,141.8,1.5517654975463637
L3_mm,141.85,1.55202516379428
L3_mm,141.9,1.5522848300421959
L3_mm,141.95000000000002,1.5525444962901123
L3_mm,142.0,1.552804162538028
L3_mm,142.05,1.5530638287859442
L3_mm,142.1,1.5533234950338604
L3_mm,142.15,1.5535831612817765
L3_mm,142.20000000000002,1.5538428275296923
L3_mm,142.25,1.5541024937776087
L3_mm,142.3,1.5543621600255244
L3_mm,142.35,1.5546218262734404
L3_mm,142.4,1.5548814925213565
L3_mm,142.45000000000002,1.5551411587692725
L3_mm,142.5,1.5554008250171887
L3_mm,142.55,1.5556604912651046
L3_mm,142.6,1.5559201575130204
L3_mm,142.65,1.5561798237609366
L3_mm,142.70000000000002,1.5564394900088527
L3_mm,142.75,1.5566991562567687
L3_mm,142.8,1.556958822504685
L3_mm,142.85,1.5572184887526008
L3_mm,142.9,1.557478155000517
L3_mm,142.95000000000002,1.5577378212484334
L3_mm,143.0,1.5579974874963494
L3_mm,143.05,1.5582571537442655
L3_mm,143.1,1.5585168199921817
L3_mm,143.15,1.5587764862400972
L4_mm,152.0,1.5875943528914602
L4_mm,152.1,1.5867165982648297
L4_mm,152.2,1.5858406311246682
L4_mm,152.3,1.5849664459547874
L4_mm,152.4,1.5840940372617338
L4_mm,152.5,1.5832233995746694
L4_mm,152.6,1.5823545274452555
L4_mm,152.7,1.58148741544754
L4_mm,152.8,1.580622058177838
L4_mm,152.9,1.5797584502546236
L4_mm,153.0,1.57889658631841
L4_mm,153.1,1.5780364610316404
L4_mm,153.2,1.5771780690785775
L4_mm,153.3,1.576321405165189
L4_mm,153.4,1.5754664640190374
L4_mm,153.5,1.5746132403891724
L4_mm,153.6,1.5737617290460193
L4_mm,153.7,1.5729119247812697
L4_mm,153.8,1.5720638224077765
L4_mm,153.9,1.5712174167594457
L4_mm,154.0,1.5703727026911276
L4_mm,154.1,1.5695296750785115
L4_mm,154.2,1.5686883288180231
L4_mm,154.3,1.567848658826716
L4_mm,154.4,1.56701066004217
L4_mm,154.5,1.5661743274223865
L4_mm,154.6,1.565339655945686
L4_mm,154.7,1.5645066406106074
L4_mm,154.8,1.5636752764358008
L4_mm,154.9,1.5628455584599368
L4_mm,155.0,1.5620174817415937
L4_mm,155.1,1.5611910413591688
L4_mm,155.2,1.560366232410771
L4_mm,155.3,1.5595430500141272
L4_mm,155.4,1.5587214893064811
L4_mm,155.5,1.5579015454444993
L4_mm,155.6,1.5570832136041708
L4_mm,155.7,1.5562664889807136
L4_mm,155.8,1.5554513667884753
L4_mm,155.9,1.5546378422608447
L4_mm,156.0,1.5538259106501489
L4_mm,156.1,1.553015567227566
L4_mm,156.2,1.5522068072830277
L4_mm,156.3,1.5513996261251286
L4_mm,156.4,1.5505940190810326
L4_mm,156.5,1.5497899814963818
L4_mm,156.6,1.5489875087352054
L4_mm,156.7,1.5481865961798282
L4_mm,156.8,1.547387239230781
L4_mm,156.9,1.546589433306712
L4_mm,157.0,1.5457931738442943
L4_mm,157.1,1.5449984562981418
L4_mm,157.2,1.5442052761407181
L4_mm,157.3,1.5434136288622495
L4_mm,157.4,1.5426235099706398
L4_mm,157.5,1.5418349149913797
L4_mm,157.6,1.5410478394674665
L4_mm,157.7,1.5402622789593128
L4_mm,157.8,1.539478229044665
L4_mm,157.9,1.5386956853185207
L4_mm,158.0,1.5379146433930382
L4_mm,158.1,1.537135098897458
L4_mm,158.2,1.5363570474780193
L4_mm,158.3,1.535580484797877
L4_mm,158.4,1.5348054065370174
L4_mm,158.5,1.53403180839218
L4_mm,158.6,1.533259686076775
L4_mm,158.7,1.5324890353208025
L4_mm,158.8,1.531719851870771
L4_mm,158.9,1.5309521314896217
L4_mm,159.0,1.5301858699566449
L4_mm,159.1,1.5294210630674026
L4_mm,159.2,1.5286577066336517
L4_mm,159.3,1.5278957964832638
L4_mm,159.4,1.5271353284601494
L4_mm,159.5,1.526376298424181
L4_mm,159.6,1.5256187022511145
L4_mm,159.7,1.5248625358325159
L4_mm,159.8,1.5241077950756825
L4_mm,159.9,1.523354475903571
L4_mm,160.0,1.5226025742547211
L4_mm,160.1,1.5218520860831806
L4_mm,160.2,1.5211030073584304
L4_mm,160.3,1.5203553340653146
L4_mm,160.4,1.5196090622039649
L4_mm,160.5,1.5188641877897282
L4_mm,160.6,1.5181207068530935
L4_mm,160.7,1.517378615439621
L4_mm,160.8,1.5166379096098723
L4_mm,160.9,1.5158985854393354
L4_mm,161.0,1.5151606390183578
L4_mm,161.1,1.5144240664520747
L4_mm,161.2,1.5136888638603376
L4_mm,161.3,1.5129550273776475
L4_mm,161.4,1.512222553153084
L4_mm,161.5,1.5114914373502386
L4_mm,161.6,1.510761676147144
L4_mm,161.7,1.510033265736207
L4_mm,161.8,1.5093062023241428
L4_mm,161.9,1.5085804821319049
L4_mm,162.0,1.5078561013946203
theta1_deg,18.0,1.5732940562739754
theta1_deg,18.2,1.572739741667723
theta1_deg,18.4,1.572184232067104
theta1_deg,18.6,1.571627619293881
theta1_deg,18.8,1.5710699946259385
theta1_deg,19.0,1.57051144879864
theta1_deg,19.2,1.569952072006286
theta1_deg,19.4,1.5693919539036703
theta1_deg,19.6,1.5688311836077289
theta1_deg,19.8,1.5682698496992833
theta1_deg,20.0,1.567708040224873
theta1_deg,20.2,1.5671458426986784
theta1_deg,20.4,1.5665833441045325
theta1_deg,20.6,1.566020630898013
theta1_deg,20.8,1.565457789008623
theta1_deg,21.0,1.5648949038420517
theta1_deg,21.2,1.5643320602825164
theta1_deg,21.4,1.563769342695178
theta1_deg,21.6,1.5632068349286414
theta1_deg,21.8,1.562644620317523
theta1_deg,22.0,1.5620827816850955
theta1_deg,22.2,1.5615214013460057
theta1_deg,22.4,1.5609605611090576
theta1_deg,22.6,1.5604003422800679
theta1_deg,22.8,1.5598408256647867
theta1_deg,23.0,1.5592820915718866
theta1_deg,23.2,1.5587242198160074
theta1_deg,23.4,1.5581672897208758
theta1_deg,23.6,1.5576113801224727
theta1_deg,23.8,1.55705656937227
theta1_deg,24.0,1.5565029353405218
theta1_deg,24.2,1.5559505554196085
theta1_deg,24.4,1.555399506527443
theta1_deg,24.6,1.5548498651109266
theta1_deg,24.8,1.5543017071494574
theta1_deg,25.0,1.5537551081584904
theta1_deg,25.2,1.5532101431931502
theta1_deg,25.4,1.5526668868518883
theta1_deg,25.6,1.552125413280189
theta1_deg,25.8,1.5515857961743247
theta1_deg,26.0,1.5510481087851526
theta1_deg,26.200000000000003,1.5505124239219559
theta1_deg,26.4,1.5499788139563284
theta1_deg,26.6,1.5494473508261042
theta1_deg,26.8,1.5489181060393196
theta1_deg,27.0,1.5483911506782233
theta1_deg,27.200000000000003,1.5478665554033186
theta1_deg,27.4,1.5473443904574493
theta1_deg,27.6,1.546824725669915
theta1_deg,27.8,1.546307630460626
theta1_deg,28.0,1.5457931738442943
theta1_deg,28.200000000000003,1.5452814244346542
theta1_deg,28.4,1.544772450448716
theta1_deg,28.6,1.5442663197110564
theta1_deg,28.8,1.5437630996581324
theta1_deg,29.0,1.5432628573426332
theta1_deg,29.200000000000003,1.5427656594378523
theta1_deg,29.4,1.5422715722420968
theta1_deg,29.6,1.5417806616831191
theta1_deg,29.8,1.5412929933225787
theta1_deg,30.0,1.5408086323605243
theta1_deg,30.200000000000003,1.5403276436399094
theta1_deg,30.4,1.5398500916511275
theta1_deg,30.6,1.539376040536573
theta1_deg,30.8,1.5389055540952243
theta1_deg,31.0,1.5384386957872498
theta1_deg,31.200000000000003,1.537975528738641
theta1_deg,31.4,1.5375161157458554
theta1_deg,31.6,1.5370605192804971
theta1_deg,31.8,1.5366088014940016
theta1_deg,32.0,1.5361610242223505
theta1_deg,32.2,1.5357172489908038
theta1_deg,32.4,1.5352775370186476
theta1_deg,32.6,1.534841949223964
theta1_deg,32.8,1.5344105462284168
theta1_deg,33.0,1.5339833883620586
theta1_deg,33.2,1.5335605356681468
theta1_deg,33.4,1.5331420479079856
theta1_deg,33.6,1.5327279845657795
theta1_deg,33.8,1.5323184048535001
theta1_deg,34.0,1.5319133677157761
theta1_deg,34.2,1.5315129318347922
theta1_deg,34.400000000000006,1.5311171556352048
theta1_deg,34.6,1.5307260972890717
theta1_deg,34.8,1.5303398147207996
theta1_deg,35.0,1.5299583656120999
theta1_deg,35.2,1.5295818074069631
theta1_deg,35.400000000000006,1.5292101973166454
theta1_deg,35.6,1.5288435923246666
theta1_deg,35.8,1.5284820491918254
theta1_deg,36.0,1.5281256244612242
theta1_deg,36.2,1.5277743744633072
theta1_deg,36.400000000000006,1.5274283553209131
theta1_deg,36.6,1.5270876229543384
theta1_deg,36.8,1.5267522330864143
theta1_deg,37.0,1.5264222412475963
theta1_deg,37.2,1.526097702781063
theta1_deg,37.400000000000006,1.5257786728478324
theta1_deg,37.6,1.5254652064318852
theta1_deg,37.8,1.5251573583453029
theta1_deg,38.0,1.5248551832334194
theta2_deg,135.0,1.4813295554878405
theta2_deg,135.2,1.4824978196726923
theta2_deg,135.4,1.483671738472514
theta2_deg,135.6,1.4848512738754993
theta2_deg,135.8,1.486036387362226
theta2_deg,136.0,1.4872270398989997
theta2_deg,136.2,1.488423191931167
theta2_deg,136.4,1.4896248033763932
theta2_deg,136.6,1.490831833617912
theta2_deg,136.8,1.4920442414977368
theta2_deg,137.0,1.4932619853098457
theta2_deg,137.2,1.4944850227933362
theta2_deg,137.4,1.4957133111255514
theta2_deg,137.6,1.4969468069151706
theta2_deg,137.8,1.4981854661952805
theta2_deg,138.0,1.4994292444164123
theta2_deg,138.2,1.5006780964395579
theta2_deg,138.4,1.501931976529155
theta2_deg,138.6,1.5031908383460506
theta2_deg,138.8,1.5044546349404422
theta2_deg,139.0,1.5057233187447898
theta2_deg,139.2,1.506996841566715
theta2_deg,139.4,1.5082751545818711
theta2_deg,139.6,1.5095582083267958
theta2_deg,139.8,1.5108459526917497
theta2_deg,140.0,1.5121383369135315
theta2_deg,140.2,1.5134353095682782
theta2_deg,140.4,1.5147368185642491
theta2_deg,140.6,1.516042811134602
theta2_deg,140.8,1.5173532338301472
theta2_deg,141.0,1.5186680325120983
theta2_deg,141.2,1.519987152344805
theta2_deg,141.4,1.5213105377884875
theta2_deg,141.6,1.5226381325919542
theta2_deg,141.8,1.523969879785318
theta2_deg,142.0,1.5253057216727075
theta2_deg,142.2,1.526645599824977
theta2_deg,142.4,1.5279894550724165
theta2_deg,142.6,1.5293372274974528
theta2_deg,142.8,1.5306888564273704
theta2_deg,143.0,1.5320442804270187
theta2_deg,143.2,1.5334034372915368
theta2_deg,143.4,1.5347662640390822
theta2_deg,143.6,1.536132696903568
theta2_deg,143.8,1.537502671327414
theta2_deg,144.0,1.5388761219543095
theta2_deg,144.2,1.540252982621992
theta2_deg,144.4,1.5416331863550472
theta2_deg,144.6,1.543016665357722
theta2_deg,144.8,1.5444033510067663
theta2_deg,145.0,1.5457931738442943
theta2_deg,145.2,1.547186063570675
theta2_deg,145.4,1.5485819490374515
theta2_deg,145.6,1.5499807582402898
theta2_deg,145.8,1.551382418311963
theta2_deg,146.0,1.5527868555153728
theta2_deg,146.2,1.554193995236607
theta2_deg,146.4,1.5556037619780396
theta2_deg,146.6,1.5570160793514753
theta2_deg,146.8,1.5584308700713436
theta2_deg,147.0,1.5598480559479369
theta2_deg,147.2,1.5612675578807047
theta2_deg,147.4,1.562689295851604
theta2_deg,147.6,1.5641131889185056
theta2_deg,147.8,1.5655391552086622
theta2_deg,148.0,1.5669671119122428
theta2_deg,148.2,1.568396975275933
theta2_deg,148.4,1.5698286605966065
theta2_deg,148.6,1.5712620822150691
theta2_deg,148.8,1.5726971535098848
theta2_deg,149.0,1.5741337868912757
theta2_deg,149.2,1.5755718937951109
theta2_deg,149.4,1.5770113846769824
theta2_deg,149.6,1.5784521690063704
theta2_deg,149.8,1.5798941552609023
theta2_deg,150.0,1.5813372509207164
theta2_deg,150.2,1.5827813624629181
theta2_deg,150.4,1.5842263953561528
theta2_deg,150.6,1.585672254055273
theta2_deg,150.8,1.5871188419961426
theta2_deg,151.0,1.5885660615905308
theta2_deg,151.2,1.5900138142211506
theta2_deg,151.4,1.5914620002368105
theta2_deg,151.6,1.5929105189476989
theta2_deg,151.8,1.594359268620804
theta2_deg,152.0,1.5958081464754683
theta2_deg,152.2,1.597257048679091
theta2_deg,152.4,1.5987058703429697
theta2_deg,152.6,1.6001545055183009
theta2_deg,152.8,1.6016028471923323
theta2_deg,153.0,1.6030507872846733
theta2_deg,153.2,1.604498216643773
theta2_deg,153.4,1.6059450250435685
theta2_deg,153.6,1.6073911011803048
theta2_deg,153.8,1.6088363326695343
theta2_deg,154.0,1.610280606043298
theta2_deg,154.2,1.611723806747499
theta2_deg,154.4,1.6131658191394662
theta2_deg,154.6,1.6146065264857141
theta2_deg,154.8,1.6160458109599094
theta2_deg,155.0,1.6174835536410455
