Parameter,Parameter_Value,Delta_BF_percent
L1_mm,35.0,28.26722542969136
L1_mm,35.1,28.26445125904321
L1_mm,35.2,28.26167101239474
L1_mm,35.3,28.258884703631644
L1_mm,35.4,28.256092346655375
L1_mm,35.5,28.253293955383253
L1_mm,35.6,28.250489543748085
L1_mm,35.7,28.247679125698177
L1_mm,35.8,28.244862715196984
L1_mm,35.9,28.24204032622326
L1_mm,36.0,28.239211972770477
L1_mm,36.1,28.23637766884708
L1_mm,36.2,28.233537428476087
L1_mm,36.3,28.23069126569505
L1_mm,36.4,28.22783919455573
L1_mm,36.5,28.224981229124204
L1_mm,36.6,28.222117383480477
L1_mm,36.7,28.219247671718474
L1_mm,36.8,28.216372107945737
L1_mm,36.9,28.213490706283462
L1_mm,37.0,28.21060348086623
L1_mm,37.1,28.207710445841727
L1_mm,37.2,28.20481161537092
L1_mm,37.3,28.20190700362758
L1_mm,37.4,28.198996624798273
L1_mm,37.5,28.19608049308225
L1_mm,37.6,28.193158622691133
L1_mm,37.7,28.190231027848927
L1_mm,37.8,28.187297722791772
L1_mm,37.9,28.18435872176785
L1_mm,38.0,28.181414039037122
L1_mm,38.1,28.17846368887133
L1_mm,38.2,28.175507685553715
L1_mm,38.3,28.172546043378873
L1_mm,38.4,28.16957877665272
L1_mm,38.5,28.16660589969222
L1_mm,38.6,28.16362742682526
L1_mm,38.7,28.160643372390524
L1_mm,38.8,28.157653750737328
L1_mm,38.9,28.154658576225412
L1_mm,39.0,28.151657863224944
L1_mm,39.1,28.14865162611615
L1_mm,39.2,28.14563987928938
L1_mm,39.3,28.142622637144754
L1_mm,39.4,28.139599914092184
L1_mm,39.5,28.136571724551118
L1_mm,39.6,28.133538082950444
L1_mm,39.7,28.130499003728293
L1_mm,39.8,28.12745450133188
L1_mm,39.9,28.124404590217445
L1_mm,40.0,28.121349284850027
L1_mm,40.1,28.118288599703302
L1_mm,40.2,28.115222549259478
L1_mm,40.3,28.11215114800914
L1_mm,40.4,28.10907441045107
L1_mm,40.5,28.105992351092148
L1_mm,40.6,28.102904984447118
L1_mm,40.7,28.09981232503853
L1_mm,40.8,28.09671438739658
L1_mm,40.9,28.093611186058908
L1_mm,41.0,28.090502735570432
L1_mm,41.1,28.087389050483353
L1_mm,41.2,28.084270145356843
L1_mm,41.3,28.081146034756916
L1_mm,41.4,28.078016733256415
L1_mm,41.5,28.074882255434698
L1_mm,41.6,28.071742615877643
L1_mm,41.7,28.068597829177317
L1_mm,41.8,28.06544790993202
L1_mm,41.9,28.062292872746042
L1_mm,42.0,28.059132732229518
L1_mm,42.1,28.055967502998296
L1_mm,42.2,28.05279719967383
L1_mm,42.3,28.049621836882988
L1_mm,42.4,28.046441429257875
L1_mm,42.5,28.043255991435746
L1_mm,42.6,28.0400655380589
L1_mm,42.7,28.036870083774417
L1_mm,42.8,28.033669643234155
L1_mm,42.9,28.03046423109445
L1_mm,43.0,28.027253862016146
L1_mm,43.1,28.024038550664297
L1_mm,43.2,28.020818311708123
L1_mm,43.3,28.01759315982081
L1_mm,43.4,28.014363109679465
L1_mm,43.5,28.0111281759648
L1_mm,43.6,28.00788837336115
L1_mm,43.7,28.004643716556338
L1_mm,43.8,28.001394220241373
L1_mm,43.9,27.99813989911043
L1_mm,44.0,27.994880767860746
L1_mm,44.1,27.991616841192386
L1_mm,44.2,27.988348133808135
L1_mm,44.3,27.98507466041339
L1_mm,44.4,27.981796435715967
L1_mm,44.5,27.97851347442608
L1_mm,44.6,27.975225791255987
L1_mm,44.7,27.97193340092002
L1_mm,44.8,27.968636318134493
L1_mm,44.9,27.96533455761739
L1_mm,45.0,27.96202813408834
L3_mm,138.15,28.121349284850027
L3_mm,138.20000000000002,28.121349284850016
L3_mm,138.25,28.121349284850012
L3_mm,138.3,28.121349284850005
L3_mm,138.35,28.121349284850027
L3_mm,138.4,28.121349284850023
L3_mm,138.45000000000002,28.121349284850005
L3_mm,138.5,28.121349284850027
L3_mm,138.55,28.121349284850023
L3_mm,138.6,28.121349284850027
L3_mm,138.65,28.121349284850016
L3_mm,138.70000000000002,28.12134928485005
L3_mm,138.75,28.121349284850023
L3_mm,138.8,28.121349284850012
L3_mm,138.85,28.121349284850023
L3_mm,138.9,28.12134928485
L3_mm,138.95000000000002,28.12134928485
L3_mm,139.0,28.121349284850012
L3_mm,139.05,28.121349284850023
L3_mm,139.1,28.121349284850027
L3_mm,139.15,28.121349284850012
L3_mm,139.20000000000002,28.121349284850034
L3_mm,139.25,28.12134928485004
L3_mm,139.3,28.121349284850034
L3_mm,139.35,28.121349284850027
L3_mm,139.4,28.12134928485005
L3_mm,139.45000000000002,28.121349284850016
L3_mm,139.5,28.121349284850016
L3_mm,139.55,28.121349284850012
L3_mm,139.6,28.121349284850012
L3_mm,139.65,28.121349284850016
L3_mm,139.70000000000002,28.121349284850023
L3_mm,139.75,28.121349284850027
L3_mm,139.8,28.121349284850012
L3_mm,139.85,28.121349284850016
L3_mm,139.9,28.121349284850044
L3_mm,139.95000000000002,28.121349284850027
L3_mm,140.0,28.121349284850023
L3_mm,140.05,28.121349284850034
L3_mm,140.1,28.121349284850023
L3_mm,140.15,28.121349284850034
L3_mm,140.20000000000002,28.121349284850012
L3_mm,140.25,28.121349284850034
L3_mm,140.3,28.121349284850027
L3_mm,140.35,28.121349284850012
L3_mm,140.4,28.121349284850016
L3_mm,140.45000000000002,28.121349284850016
L3_mm,140.5,28.121349284850005
L3_mm,140.55,28.121349284850012
L3_mm,140.6,28.121349284850034
L3_mm,140.65,28.121349284850027
L3_mm,140.70000000000002,28.121349284850016
L3_mm,140.75,28.121349284850016
L3_mm,140.8,28.121349284850034
L3_mm,140.85,28.121349284850027
L3_mm,140.9,28.121349284850027
L3_mm,140.95000000000002,28.121349284850027
L3_mm,141.0,28.12134928485004
L3_mm,141.05,28.121349284850012
L3_mm,141.1,28.121349284850016
L3_mm,141.15,28.121349284850027
L3_mm,141.20000000000002,28.121349284849995
L3_mm,141.25,28.121349284850016
L3_mm,141.3,28.121349284850012
L3_mm,141.35,28.121349284850005
L3_mm,141.4,28.12134928485004
L3_mm,141.45000000000002,28.12134928485004
L3_mm,141.5,28.121349284850027
L3_mm,141.55,28.121349284850012
L3_mm,141.6,28.121349284850044
L3_mm,141.65,28.12134928485
L3_mm,141.70000000000002,28.12134928485
L3_mm,141.75,28.121349284850027
L3_mm,141.8,28.12134928485
L3_mm,141.85,28.121349284850012
L3_mm,141.9,28.12134928485
L3_mm,141.95000000000002,28.121349284850023
L3_mm,142.0,28.121349284850023
L3_mm,142.05,28.12134928485004
L3_mm,142.1,28.121349284850034
L3_mm,142.15,28.121349284850055
L3_mm,142.20000000000002,28.12134928485005
L3_mm,142.25,28.121349284850016
L3_mm,142.3,28.121349284850012
L3_mm,142.35,28.121349284850027
L3_mm,142.4,28.121349284850012
L3_mm,142.45000000000002,28.121349284850016
L3_mm,142.5,28.121349284850027
L3_mm,142.55,28.121349284850023
L3_mm,142.6,28.12134928485
L3_mm,142.65,28.12134928485005
L3_mm,142.70000000000002,28.12134928485004
L3_mm,142.75,28.121349284850012
L3_mm,142.8,28.121349284850034
L3_mm,142.85,28.121349284850023
L3_mm,142.9,28.121349284850005
L3_mm,142.95000000000002,28.121349284850023
L3_mm,143.0,28.121349284850034
L3_mm,143.05,28.121349284850023
L3_mm,143.1,28.121349284850027
L3_mm,143.15,28.12134928485004
L4_mm,152.0,28.75741432511372
L4_mm,152.1,28.74395100215674
L4_mm,152.2,28.730519550921162
L4_mm,152.3,28.717119867440218
L4_mm,152.4,28.703751848183824
L4_mm,152.5,28.690415390056366
L4_mm,152.6,28.67711039039433
L4_mm,152.7,28.663836746964165
L4_mm,152.8,28.65059435796014
L4_mm,152.9,28.637383122001996
L4_mm,153.0,28.624202938132754
L4_mm,153.1,28.61105370581677
L4_mm,153.2,28.59793532493723
L4_mm,153.3,28.58484769579433
L4_mm,153.4,28.571790719102868
L4_mm,153.5,28.558764295990436
L4_mm,153.6,28.545768327994836
L4_mm,153.7,28.532802717062506
L4_mm,153.8,28.519867365546148
L4_mm,153.9,28.506962176202645
L4_mm,154.0,28.494087052191112
L4_mm,154.1,28.48124189707084
L4_mm,154.2,28.468426614799153
L4_mm,154.3,28.45564110972947
L4_mm,154.4,28.44288528660939
L4_mm,154.5,28.430159050578446
L4_mm,154.6,28.417462307166364
L4_mm,154.7,28.404794962291025
L4_mm,154.8,28.392156922256312
L4_mm,154.9,28.379548093750547
L4_mm,155.0,28.366968383844128
L4_mm,155.1,28.354417699987895
L4_mm,155.2,28.34189595001112
L4_mm,155.3,28.329403042119573
L4_mm,155.4,28.316938884893766
L4_mm,155.5,28.304503387286868
L4_mm,155.6,28.292096458622947
L4_mm,155.7,28.27971800859519
L4_mm,155.8,28.267367947263843
L4_mm,155.9,28.25504618505465
L4_mm,156.0,28.24275263275677
L4_mm,156.1,28.23048720152115
L4_mm,156.2,28.218249802858637
L4_mm,156.3,28.20604034863812
L4_mm,156.4,28.19385875108492
L4_mm,156.5,28.181704922778906
L4_mm,156.6,28.169578776652738
L4_mm,156.7,28.157480225990078
L4_mm,156.8,28.145409184424032
L4_mm,156.9,28.13336556593517
L4_mm,157.0,28.121349284850027
L4_mm,157.1,28.10936025583919
L4_mm,157.2,28.09739839391576
L4_mm,157.3,28.08546361443365
L4_mm,157.4,28.073555833085738
L4_mm,157.5,28.0616749659025
L4_mm,157.6,28.049820929250007
L4_mm,157.7,28.037993639828564
L4_mm,157.8,28.026193014670792
L4_mm,157.9,28.01441897114031
L4_mm,158.0,28.002671426929847
L4_mm,158.1,27.99095030005982
L4_mm,158.2,27.979255508876555
L4_mm,158.3,27.967586972050917
L4_mm,158.4,27.95594460857646
L4_mm,158.5,27.94432833776804
L4_mm,158.6,27.932738079260215
L4_mm,158.7,27.92117375300568
L4_mm,158.8,27.909635279273658
L4_mm,158.9,27.898122578648465
L4_mm,159.0,27.886635572027927
L4_mm,159.1,27.875174180621855
L4_mm,159.2,27.863738325950504
L4_mm,159.3,27.852327929843156
L4_mm,159.4,27.840942914436578
L4_mm,159.5,27.82958320217347
L4_mm,159.6,27.81824871580112
L4_mm,159.7,27.806939378369798
L4_mm,159.8,27.795655113231483
L4_mm,159.9,27.784395844038183
L4_mm,160.0,27.773161494740567
L4_mm,160.1,27.761951989586713
L4_mm,160.2,27.75076725312037
L4_mm,160.3,27.73960721017979
L4_mm,160.4,27.728471785896257
L4_mm,160.5,27.717360905692544
L4_mm,160.6,27.706274495281676
L4_mm,160.7,27.695212480665504
L4_mm,160.8,27.68417478813333
L4_mm,160.9,27.673161344260468
L4_mm,161.0,27.662172075906987
L4_mm,161.1,27.651206910216303
L4_mm,161.2,27.640265774613752
L4_mm,161.3,27.629348596805393
L4_mm,161.4,27.618455304776518
L4_mm,161.5,27.607585826790647
L4_mm,161.6,27.596740091387712
L4_mm,161.7,27.585918027383098
L4_mm,161.8,27.57511956386636
L4_mm,161.9,27.56434463019965
L4_mm,162.0,27.553593156016742
theta1_deg,18.0,27.96247592302974
theta1_deg,18.2,27.96410107648766
theta1_deg,18.4,27.96577996537874
theta1_deg,18.6,27.96751322881102
theta1_deg,18.8,27.969301502170573
theta1_deg,19.0,27.971145417175414
theta1_deg,19.2,27.973045601930057
theta1_deg,19.4,27.975002680980303
theta1_deg,19.6,27.97701727536868
theta1_deg,19.8,27.979090002690082
theta1_deg,20.0,27.981221477147994
theta1_deg,20.2,27.983412309611115
theta1_deg,20.4,27.985663107670167
theta1_deg,20.6,27.987974475695303
theta1_deg,20.8,27.990347014893768
theta1_deg,21.0,27.992781323367822
theta1_deg,21.2,27.99527799617316
theta1_deg,21.4,27.997837625377585
theta1_deg,21.6,28.000460800119836
theta1_deg,21.8,28.00314810666893
theta1_deg,22.0,28.005900128483763
theta1_deg,22.2,28.00871744627268
theta1_deg,22.4,28.011600638053807
theta1_deg,22.6,28.01455027921517
theta1_deg,22.8,28.017566942575428
theta1_deg,23.0,28.020651198444423
theta1_deg,23.2,28.023803614684383
theta1_deg,23.4,28.027024756771073
theta1_deg,23.6,28.030315187855198
theta1_deg,23.8,28.033675468824043
theta1_deg,24.0,28.03710615836327
theta1_deg,24.2,28.04060781301889
theta1_deg,24.4,28.044180987259516
theta1_deg,24.6,28.04782623353847
theta1_deg,24.8,28.05154410235647
theta1_deg,25.0,28.05533514232415
theta1_deg,25.2,28.05919990022488
theta1_deg,25.4,28.063138921077623
theta1_deg,25.6,28.067152748199998
theta1_deg,25.8,28.071241923271568
theta1_deg,26.0,28.07540698639685
theta1_deg,26.200000000000003,28.07964847616904
theta1_deg,26.4,28.08396692973333
theta1_deg,26.6,28.088362882850586
theta1_deg,26.8,28.092836869961108
theta1_deg,27.0,28.097389424248465
theta1_deg,27.200000000000003,28.1020210777033
theta1_deg,27.4,28.106732361187543
theta1_deg,27.6,28.11152380449834
theta1_deg,27.8,28.116395936432365
theta1_deg,28.0,28.121349284850027
theta1_deg,28.200000000000003,28.1263843767398
theta1_deg,28.4,28.131501738282775
theta1_deg,28.6,28.136701894917053
theta1_deg,28.8,28.14198537140235
theta1_deg,29.0,28.14735269188473
theta1_deg,29.200000000000003,28.152804379961218
theta1_deg,29.4,28.158340958744706
theta1_deg,29.6,28.163962950928717
theta1_deg,29.8,28.169670878852486
theta1_deg,30.0,28.17546526456585
theta1_deg,30.200000000000003,28.1813466298943
theta1_deg,30.4,28.187315496504212
theta1_deg,30.6,28.193372385968107
theta1_deg,30.8,28.19951781982978
theta1_deg,31.0,28.205752319669735
theta1_deg,31.200000000000003,28.212076407170656
theta1_deg,31.4,28.218490604182765
theta1_deg,31.6,28.224995432789555
theta1_deg,31.8,28.23159141537332
theta1_deg,32.0,28.23827907468089
theta1_deg,32.2,28.24505893388951
theta1_deg,32.4,28.251931516672617
theta1_deg,32.6,28.258897347265783
theta1_deg,32.8,28.265956950532896
theta1_deg,33.0,28.27311085203219
theta1_deg,33.2,28.280359578082436
theta1_deg,33.4,28.287703655829432
theta1_deg,33.6,28.295143613312156
theta1_deg,33.8,28.302679979529493
theta1_deg,34.0,28.310313284506776
theta1_deg,34.2,28.318044059362464
theta1_deg,34.400000000000006,28.325872836375044
theta1_deg,34.6,28.333800149049924
theta1_deg,34.8,28.341826532186627
theta1_deg,35.0,28.34995252194575
theta1_deg,35.2,28.35817865591651
theta1_deg,35.400000000000006,28.36650547318414
theta1_deg,35.6,28.374933514397306
theta1_deg,35.8,28.38346332183612
theta1_deg,36.0,28.392095439479803
theta1_deg,36.2,28.400830413074896
theta1_deg,36.400000000000006,28.409668790203263
theta1_deg,36.6,28.41861112035061
theta1_deg,36.8,28.42765795497495
theta1_deg,37.0,28.436809847575343
theta1_deg,37.2,28.44606735376075
theta1_deg,37.400000000000006,28.45543103131914
theta1_deg,37.6,28.464901440286777
theta1_deg,37.8,28.47447914301768
theta1_deg,38.0,28.484164704253384
theta2_deg,135.0,26.94261749362678
theta2_deg,135.2,26.9653317995812
theta2_deg,135.4,26.988089832972555
theta2_deg,135.6,27.01089116432287
theta2_deg,135.8,27.033735355762566
theta2_deg,136.0,27.05662196093875
theta2_deg,136.2,27.079550524923125
theta2_deg,136.4,27.102520584119482
theta2_deg,136.6,27.125531666170872
theta2_deg,136.8,27.14858328986634
theta2_deg,137.0,27.17167496504741
theta2_deg,137.2,27.194806192514033
theta2_deg,137.4,27.21797646393046
theta2_deg,137.6,27.241185261730543
theta2_deg,137.8,27.264432059023
theta2_deg,138.0,27.28771631949612
theta2_deg,138.2,27.31103749732247
theta2_deg,138.4,27.334395037063175
theta2_deg,138.6,27.357788373572035
theta2_deg,138.8,27.381216931899395
theta2_deg,139.0,27.404680127195817
theta2_deg,139.2,27.42817736461573
theta2_deg,139.4,27.45170803922054
theta2_deg,139.6,27.475271535882083
theta2_deg,139.8,27.49886722918566
theta2_deg,140.0,27.52249448333293
theta2_deg,140.2,27.54615265204505
theta2_deg,140.4,27.56984107846529
theta2_deg,140.6,27.593559095062204
theta2_deg,140.8,27.617306023532162
theta2_deg,141.0,27.64108117470248
theta2_deg,141.2,27.664883848434123
theta2_deg,141.4,27.688713333524838
theta2_deg,141.6,27.712568907612088
theta2_deg,141.8,27.73644983707641
theta2_deg,142.0,27.760355376944588
theta2_deg,142.2,27.784284770793345
theta2_deg,142.4,27.80823725065294
theta2_deg,142.6,27.832212036911248
theta2_deg,142.8,27.856208338217947
theta2_deg,143.0,27.880225351389036
theta2_deg,143.2,27.90426226131169
theta2_deg,143.4,27.928318240849663
theta2_deg,143.6,27.952392450748558
theta2_deg,143.8,27.97648403954232
theta2_deg,144.0,28.0005921434594
theta2_deg,144.2,28.02471588633006
theta2_deg,144.4,28.048854379493648
theta2_deg,144.6,28.073006721706996
theta2_deg,144.8,28.09717199905296
theta2_deg,145.0,28.121349284850027
theta2_deg,145.2,28.145537639562246
theta2_deg,145.4,28.16973611071007
theta2_deg,145.6,28.193943732782074
theta2_deg,145.8,28.21815952714718
theta2_deg,146.0,28.24238250196805
theta2_deg,146.2,28.26661165211525
theta2_deg,146.4,28.290845959082272
theta2_deg,146.6,28.31508439090183
theta2_deg,146.8,28.339325902062683
theta2_deg,147.0,28.36356943342822
theta2_deg,147.2,28.387813912155536
theta2_deg,147.4,28.412058251616152
theta2_deg,147.6,28.4363013513177
theta2_deg,147.8,28.46054209682694
theta2_deg,148.0,28.484779359694233
theta2_deg,148.2,28.509011997379247
theta2_deg,148.4,28.533238853178194
theta2_deg,148.6,28.55745875615242
theta2_deg,148.8,28.58167052105885
theta2_deg,149.0,28.605872948281608
theta2_deg,149.2,28.63006482376563
theta2_deg,149.4,28.65424491895187
theta2_deg,149.6,28.678411990714324
theta2_deg,149.8,28.70256478129875
theta2_deg,150.0,28.72670201826341
theta2_deg,150.2,28.7508224144218
theta2_deg,150.4,28.774924667787243
theta2_deg,150.6,28.799007461519725
theta2_deg,150.8,28.823069463874795
theta2_deg,151.0,28.847109328154446
theta2_deg,151.2,28.871125692660836
theta2_deg,151.4,28.895117180651685
theta2_deg,151.6,28.919082400298585
theta2_deg,151.8,28.943019944647393
theta2_deg,152.0,28.966928391581458
theta2_deg,152.2,28.99080630378732
theta2_deg,152.4,29.01465222872301
theta2_deg,152.6,29.038464698589234
theta2_deg,152.8,29.062242230303365
theta2_deg,153.0,29.085983325476107
theta2_deg,153.2,29.109686470391438
theta2_deg,153.4,29.133350135989346
theta2_deg,153.6,29.156972777851724
theta2_deg,153.8,29.18055283619152
theta2_deg,154.0,29.204088735845087
theta2_deg,154.2,29.227578886267757
theta2_deg,154.4,29.251021681533086
theta2_deg,154.6,29.274415500335188
theta2_deg,154.8,29.297758705995086
theta2_deg,155.0,29.32104964647031
