L1_mm,L3_mm,L4_mm,theta1_deg,theta2_deg,mu,BF_RSM,Delta_BF_RSM,BF_physical,Delta_BF_physical,CL_physical,CT_physical,CL_CT_physical,BF_error_percent,Delta_BF_error_percent,BF_change_percent,Delta_BF_change_pp,Delta_BF_change_percent
44.57603728972943,138.74197550747607,161.8614420694521,18.53488758880617,135.23542871987706,0.3,1.4506406164761687,26.043681465954112,1.4534649177396637,26.24263219800302,0.9950935576123597,0.45837136012730384,2.170933099607252,0.19431506251194222,0.7581203384927457,-6.756040357938302,-1.878717086847022,-6.680750158240639
43.8608755307097,140.11477557024406,161.99029184754352,19.031568567584237,135.38150809613586,0.3,1.4581540164919038,26.08114886260118,1.460835337058608,26.267807128221083,1.000609382636555,0.460225954422053,2.1741698246747294,0.18354707739361406,0.7105970616761766,-6.283206735927335,-1.8535421566289578,-6.591227674937795
41.37790040134578,142.02982854044814,161.90625144042963,19.690919261738447,135.115801722772,0.3,1.4716404224332824,26.14195851100273,1.4748646867362332,26.314688613286712,1.0110985547584836,0.46376613197774946,2.1801905853853816,0.21861424522176412,0.6564018477374935,-5.3831835573980555,-1.8066606715633284,-6.424516310590544
41.64546268840413,142.43563160878495,161.27958572228465,19.96439168993759,135.2582204924706,0.3,1.4792227859158964,26.241482627967518,1.4802444658284335,26.384897675221254,1.0161002707011977,0.4641441951272357,2.1891909483488305,0.0690210256564145,0.5435497572098638,-5.038055237867343,-1.7364516096287872,-6.174851683109938
44.095623770231384,142.19281630631087,160.53719821632427,18.02334804229266,135.38750464195635,0.3,1.4847583655924783,26.26195838444426,1.4827782146825532,26.39144621686948,1.0179617486560069,0.46481646602654625,2.190029448306743,0.13354329665202308,0.49064318552747826,-4.87550795309072,-1.7299030679805618,-6.151564956780084
43.60344972997224,143.05753779112254,160.6737264388396,18.465899241579407,135.54184734164704,0.3,1.4900159237955548,26.295805283275396,1.4872190253190882,26.41064514675304,1.021369322180615,0.4658497031384731,2.192486794130283,0.18806231152580205,0.4348241507904377,-4.590617163696878,-1.7107041380970003,-6.083293233083296
39.929999780017084,142.2355502996113,161.73078207766065,18.249883448707063,135.7638586600743,0.3,1.4877070954960074,26.282807542443212,1.488950296394722,26.422299769618597,1.0227760209095822,0.46617427548513984,2.1939778205161495,0.08349512416397575,0.5279337089944705,-4.479551139098968,-1.6990495152314438,-6.041849194436703
37.9473018022941,142.17549734276162,161.4029462555978,19.289591599849924,135.6974190441219,0.3,1.491458192367955,26.370474996004152,1.4932532832101255,26.50175827303353,1.0272130355964235,0.46604024761370194,2.2041294520293757,0.12021342007776752,0.4953757244211383,-4.2035021446865235,-1.6195910118165102,-5.759293394535094
36.26858747961717,143.12247628292667,160.90980930909154,18.889600483198,135.04422832240246,0.3,1.5026028415985553,26.391293522044226,1.503694165888896,26.515925097440533,1.0346599289141911,0.469034236974705,2.205936896180119,0.07257621364086553,0.4700253713129457,-3.533689456919156,-1.6054241874095077,-5.708915924153064
36.77133549720038,142.93439913772283,160.12494672823684,18.329262526515453,135.07117737650745,0.3,1.5090628367827499,26.47763424928654,1.5088458149923687,26.582011166064532,1.0394377384632258,0.46940807652914274,2.2143584451059044,0.014383298029844518,0.39265996890123067,-3.203196333052573,-1.5393381187855084,-5.473912731544513
36.01751251320878,142.66489875104782,161.68861369677995,19.262377874316048,138.05050712553685,0.3,1.5165761045728887,26.720604728699275,1.5123585067146643,26.770150880759285,1.04532842257592,0.4670300841387443,2.2382464386713385,0.278875533777133,0.1850798386632214,-2.9778470444724934,-1.3511984040907556,-4.804884681755628
38.6637215490949,142.11866987748175,158.50203737940976,18.170247994912227,135.81316347270368,0.3,1.5195077905736873,26.732479166240775,1.515741579571109,26.782421555392062,1.0478912330760204,0.4678503464950888,2.2398000577028974,0.2484731601572818,0.18647450921491482,-2.7608131793668518,-1.3389277294579784,-4.761249952466918
35.599908345853486,142.69870730654554,159.69434151660906,18.868505717191237,136.45470271168566,0.3,1.5246862463304556,26.76600825617159,1.5203113657691771,26.80803436046538,1.0515194991535184,0.4687918666156588,2.2430412599619856,0.2877621426624695,0.15676682493277713,-2.4676482363229173,-1.3133149243846596,-4.670170378674499
37.209278622129126,141.95675332196134,157.15000770693888,18.67181774296444,135.12183707741053,0.3,1.5279318752647941,26.85348595583341,1.5241043173103386,26.890043691968263,1.0556397998064517,0.4684645175038869,2.2534039620144615,0.25113490664538174,0.13595268402547134,-2.2243194733704836,-1.2313055928817782,-4.37854379037611
37.70460051819276,142.7035689165329,158.60594455692055,18.085222842087983,136.9098280154485,0.3,1.5346412056087484,26.9131322551598,1.5273481379102511,26.91641531922533,1.0583662192769665,0.46898191863328464,2.2567313945946488,0.4774987128000673,0.012197255936923692,-2.0162190414902885,-1.2049339656247113,-4.284765831893606
36.776516528421375,141.61054439664377,156.7403336684718,18.012184182285917,135.40934221752497,0.3,1.5347854901777556,26.94725113523882,1.5303932098217035,26.97363819979268,1.0615146118405034,0.46887859798119996,2.2639434096820636,0.2870033876172138,0.09782538179838576,-1.820868910260295,-1.1477110850573595,-4.081280287911619
35.77189625439404,143.01402054956435,156.45240195219543,18.145756007076926,135.05178724426383,0.3,1.5474134500012382,26.992618985095238,1.5404182490901774,26.991561501386435,1.0687942816893692,0.4716239674008082,2.2662000991587807,0.45411049338011683,0.003917830795924463,-1.1777337746607561,-1.1297877834636054,-4.017544720275075
37.286456026621146,142.89914286151406,155.67258499637234,18.15029903761922,135.5278474890937,0.3,1.5525707627304057,27.11771790151241,1.544101618093722,27.093021195598705,1.0731888615498926,0.4709127565438293,2.2789547461537234,0.5484836319995199,0.09115523047579827,-0.9414350470330966,-1.0283280892513353,-3.6567523088422074
35.708004717736586,142.74138220081474,155.79273131983487,18.750459287070555,135.7619780951894,0.3,1.5561816968138156,27.19185194437669,1.5467549759779653,27.151896810723276,1.0760932012178182,0.47066177476014714,2.2863407629952603,0.6094514633702764,0.14715411572142825,-0.7712144985666839,-0.9694524741267649,-3.447389612450221
36.65487757581775,142.91462836270597,155.81824077863268,18.980886407390194,136.52329708635486,0.3,1.5595606352534062,27.27652619692667,1.548379579634163,27.213195966718867,1.0783217127369842,0.470057866897179,2.2940190744065507,0.7221133478061531,0.23271882613587563,-0.6669914960683303,-0.9081533181311734,-3.2294087631862936
35.06055606116331,142.1493390427889,155.7911046884381,18.393004422283912,136.18146919363258,0.3,1.5584933095691729,27.255827833265446,1.5492065629351799,27.21472278900059,1.078924922748103,0.4702816401870768,2.294210172268068,0.5994518004363468,0.1510397316318434,-0.6139381360570063,-0.9066264958494514,-3.2239793569858435
35.20543034528144,141.54401477741183,154.29267891142655,18.44926489591159,135.4740547179104,0.3,1.5617642859086618,27.341003304850478,1.5534337405109253,27.30309002052674,1.0834450745230135,0.46998866598791184,2.305257877326939,0.5362665416934073,0.13886078204055188,-0.34275252265699035,-0.8182592643233022,-2.909743967243162
35.16096111593682,142.82536629450456,156.09362265305742,18.341903803518225,137.63693175052472,0.3,1.5723687199971668,27.435883165494577,1.5589379548758067,27.3454846873536,1.0880378994056235,0.47090005547018315,2.3105495248227186,0.8615330122249841,0.33057917668865633,0.010358677920456942,-0.7758645974964402,-2.7589878054479615
35.58789661567016,142.922132592727,155.75289836775315,18.672470495139518,137.77203314269943,0.3,1.5750744109586532,27.49599832469408,1.5607778127235763,27.391888409097014,1.0901445184772545,0.47063329424632194,2.316335312024674,0.9159918931785145,0.3800757145407039,0.12839085662027347,-0.729460875753027,-2.593975375662409
37.2232892758528,142.9035839494288,152.15082622065555,18.64548159570414,135.05408383603205,0.3,1.5798634183133973,27.529830771332374,1.56887545848671,27.453540242828563,1.0968930090812734,0.4719824494054366,2.3240122815224296,0.7003717068329934,0.27788958301558303,0.6478781490329188,-0.667809042021478,-2.374740398325233
36.2961344787823,142.88935002396178,152.76178245539035,19.120043234907072,136.1872076063435,0.3,1.5860213004848656,27.65774960746349,1.5721445354912968,27.54472698728938,1.1007858331359766,0.47135870235532035,2.335346367077743,0.8826647092744694,0.41032398043467616,0.8575988519973439,-0.576622297560661,-2.0504787722661217
36.467337209814836,142.61198713584793,152.03749007019178,18.734525990597444,135.5588842985787,0.3,1.585769716506415,27.64456152216032,1.5736122287134744,27.550610684698064,1.1019167912453836,0.4716954374680909,2.3360768489941686,0.7725847302851847,0.3410118147197257,0.9517555983386843,-0.5707386001519765,-2.0295562434461614
37.229113240154476,142.73765625037197,153.298606461997,18.508601640313945,137.51667993587014,0.3,1.588668045734559,27.73050014395778,1.5738663949953065,27.60707288475462,1.1030832936968047,0.4707831012985018,2.343081751775518,0.9404642469220958,0.4470856425757526,0.9680610971754757,-0.5142764000954223,-1.8287756923970964
40.92214789200693,142.89767441919938,152.4551653799524,18.08909761709431,138.28144396065113,0.3,1.589629271483827,27.800196982992336,1.5749556146105896,27.683955740445814,1.1051849767258892,0.4697706378847004,2.352605479351274,0.9316870099139513,0.4198866796217834,1.0379376718414486,-0.43739354440422673,-1.5553789399424942
35.321718236508126,142.4309283181078,152.4097485570892,18.515099370921376,136.9523136821229,0.3,1.5976176783016367,27.83469976639633,1.5825632132941385,27.704780955744816,1.1108859469692105,0.47167726632492796,2.3551822957775244,0.9512710064934469,0.46894003911831744,1.5259870330362058,-0.4165683291052247,-1.4813241174371554
36.09457127542794,143.14341334398503,154.398907574108,19.441259319931067,139.9509075946399,0.3,1.6034919516039343,27.995346260294443,1.5833025992293988,27.805240878179376,1.1131444552631533,0.4701581439662454,2.3675958175959417,1.2751417438689117,0.6837034174527001,1.5734207698026426,-0.316108406670665,-1.1240869115798924
35.87830171982813,142.37601837206125,153.42558293021452,18.68603001094141,139.38162885398017,0.3,1.605181800075886,28.03151451159449,1.5867955800447702,27.85781120664046,1.1165058324821286,0.4702897475626415,2.3740807412209484,1.1587012380383006,0.6235353655947884,1.7975055469471055,-0.2635380782095815,-0.9371459226231322
35.1804507839428,142.87191602743553,152.6823690931555,19.784661182114288,138.48325529926487,0.3,1.6085100170037165,28.05918915685891,1.5889733177691627,27.870580817471573,1.1182577393266182,0.47071557844254464,2.3756548339160446,1.2295171363847908,0.6767291310595906,1.9372136926380539,-0.25076846737846736,-0.8917369676623772
36.94638707851968,143.14704293010658,153.28769635986117,19.05903772461218,139.79256505088512,0.3,1.6100429940886527,28.087070884433647,1.590161134548685,27.896157966429314,1.1195330612995211,0.47062807324916384,2.37880637585087,1.2503047086237897,0.6843699345052485,2.0134155592948577,-0.22519131842072682,-0.8007841876280286
35.42010041304367,141.8401693158492,152.99438271004212,19.23030202247312,140.1563248826309,0.3,1.6123689679399331,28.223666247646424,1.5926887552900313,28.025325498682758,1.1235189100235528,0.4691698452664784,2.3946954847138953,1.2356596720190964,0.7077196979317458,2.1755697079915133,-0.09602378616728302,-0.34146222926442016
38.62748536549711,143.0684275607203,152.55020545053088,18.904759903543674,140.63409987298317,0.3,1.6164136548826744,28.23601918799766,1.5964009160806343,28.039078962453836,1.126371447501138,0.4700294685794964,2.3963847435038725,1.253616093579671,0.7023776558692929,2.413715511663279,-0.08227032239620513,-0.2925546763879038
36.629942787861566,143.12826335576815,152.036672257905,18.149762179978943,139.7045384544791,0.3,1.6242529601626416,28.242343732397106,1.604296575748114,28.04859953908798,1.1321049156223995,0.47219166012571456,2.3975538138919945,1.2439336165273298,0.6907446235920891,2.920244814432321,-0.07274974576206006,-0.2586993427134483
38.4371007699707,143.0017095935924,153.63352479732507,18.131148630958403,143.38196076442773,0.3,1.6317171431233861,28.47420289685194,1.6083594555224097,28.23893856463837,1.138199583645084,0.4701598718773257,2.420877773129187,1.452267869646693,0.833120308948767,3.1808902507832157,0.11758927978833,0.41814949416982444
38.902630841859356,142.78566582517013,152.45758899760963,18.474470238166866,142.86245059195437,0.3,1.6335121123934946,28.543486357553565,1.61128675705414,28.31523262454043,1.141551426377006,0.46973533067713413,2.430201332165996,1.379354434712068,0.806116396922372,3.368685073040978,0.19388333969039095,0.6894524787074948
38.49141878215099,142.95850845625708,153.20287347181963,18.35550138170229,144.03811786869926,0.3,1.6397758162212002,28.62484242443954,1.6156934263627643,28.376209733152468,1.1456930523725475,0.4700003739902168,2.437642852591422,1.4905296676641182,0.8762012038436147,3.6513855979413417,0.25486044830242705,0.906288121956258
35.4314098309524,142.74988462254262,155.05587742745467,19.169486154049917,145.547674029327,0.3,1.6441985584489007,28.708461699698457,1.6169188432728188,28.42236915355984,1.1473306902430453,0.46958815302977336,2.4432700928260025,1.68714189271645,1.006575294947875,3.729999621239212,0.3010198687097976,1.0704318120040122
37.94956810664253,142.55479019582145,153.56473227893298,18.03467969730675,144.9620065938525,0.3,1.6446783889948757,28.72042687771081,1.6196736784912327,28.458452850349396,1.1498851531853045,0.4697885253059282,2.447665473388254,1.5438116230261631,0.9205490851488733,3.9067302328908418,0.33710356549935483,1.1987460561892895
39.67364698366689,142.86687730573146,152.4153052807439,18.91480812687244,144.77857795002353,0.3,1.6455327984890884,28.79171787408139,1.6215274455511237,28.53766204293255,1.152512338362568,0.4690151071885558,2.4573032311712493,1.4804160733650586,0.8902475289203219,4.0256547275990275,0.41631275808250834,1.4804153025004054
37.12390819712917,142.8174862281648,154.89021165125135,18.35086433330808,146.83920939519535,0.3,1.6524333444944634,28.83644734282412,1.6246464801184892,28.543194141215682,1.1548206125423714,0.46982586757611783,2.4579757996302227,1.710332968803629,1.027401488976968,4.225749776177088,0.4218448563656416,1.5000875388042076
36.09487325700815,143.0869777073979,154.03501618306183,19.003198618323975,146.2795438471413,0.3,1.6597800563374894,28.927633367286095,1.631495402861285,28.626985522467272,1.1610735774524146,0.4704218254088704,2.468154143237847,1.7336643073954963,1.0502253008192761,4.665127891208569,0.5056362376172316,1.7980511265497336
37.29731526612794,142.43038022670012,152.13948581626022,18.386016844225033,145.83285185105902,0.3,1.665576821427487,29.06885457676258,1.639666335754194,28.78647920370786,1.1695089792736775,0.47015735648051665,2.4874841649364727,1.5802291666477997,0.9809305648547255,5.18931676402241,0.6651299188578186,2.3652133904405055
36.13158517540473,142.6269342041292,152.06178746931937,19.76165360625999,145.91815908482386,0.3,1.6698940084671108,29.16604841866081,1.6423016098238437,28.8598855712632,1.1725843061446088,0.4697173036792349,2.4963617413280446,1.6801054372848563,1.060859533353345,5.358377183711322,0.7385362864131579,2.6262476915040254
35.85633952536719,142.3807942175861,157.13945067052833,18.45865138884336,152.00551205660526,0.3,1.6768144903182183,29.272160210397136,1.6432521133505782,28.9041047256689,1.1739799542166618,0.46927215913391634,2.5017038223263586,2.0424362576480526,1.2733675310876347,5.4193547218718585,0.7827554408188604,2.783491762397611
36.19750827207219,142.67507387438496,155.98373513864894,18.331718253828235,151.0996553369072,0.3,1.6807114278073203,29.297881453837366,1.6480555670066324,28.94219955649554,1.1780289512336266,0.4700266157730057,2.506302646917644,1.9814781403275659,1.2289387219776746,5.7275101051776796,0.8208502716455008,2.918957633685528
37.8880106681578,143.09547346716184,156.06789256898045,18.0941464576447,151.95072410853865,0.3,1.6836971631025048,29.33238091561532,1.6505501805044505,28.97484654034705,1.1803402936109264,0.47020988689352394,2.5102413337348795,2.008238403749943,1.2339474335797131,5.8875467441595335,0.8534972554970075,3.035050867764786
35.77368309921503,142.80619562094236,155.2043991518032,18.419718841362943,151.0716866250143,0.3,1.6898801779315904,29.419867671524475,1.657015496485941,29.061337191426496,1.1863613827166253,0.4706541137693157,2.5206650659343928,1.983365968233014,1.233702626057244,6.302315380879565,0.9399879065764551,3.3426131052782013
39.024342551548834,143.12535750477153,155.7540073019235,18.260411191542754,153.3489440678209,0.3,1.6932074620784108,29.517629443914092,1.6591502528231632,29.145834652501527,1.1892469689726046,0.4699032838505587,2.5308334924316376,2.052689875271802,1.2756361100835891,6.439266146821095,1.0244853676514865,3.643087524976665
36.607289431776934,142.62053021477476,152.76578965001107,18.22293198472252,149.25431326290362,0.3,1.692944835583332,29.481877833225877,1.6632044213611004,29.15375740263159,1.192279980963832,0.4709244403972684,2.531786160765055,1.788139439762513,1.1254824757671464,6.699352732276085,1.03240811778155,3.6712609602190907
36.918942721254076,142.34278967496041,154.7677231104673,18.055493381114204,152.20762536770187,0.3,1.6969671016894603,29.58932535763058,1.6638944519994086,29.219298101796692,1.1938229097068087,0.47007154229259984,2.539662162666516,1.9876651220460648,1.266379686961531,6.743620184627296,1.0979488169466514,3.9043248096852703
38.77162425969745,143.01382305646936,154.39425667724313,18.038036622863046,152.47741406210866,0.3,1.6988815225930076,29.597033809648362,1.6663926798564457,29.24026825487587,1.195950031552067,0.4704426483043786,2.5421802973489807,1.9496510714005746,1.2201172426419262,6.903888695160392,1.1189189700258275,3.9788950334208484
35.35821932632156,142.44700923591807,156.34735622705256,18.41218502076137,154.06050704425425,0.3,1.703850590500064,29.67429632649633,1.6675964831772576,29.270034401045926,1.1972883673867498,0.4703081157905078,2.5457531503029927,2.174033567984731,1.381146055079309,6.981116144473257,1.1486851161958853,4.0847439593331405
36.48180599910522,142.7389991583736,155.14508255471367,18.286671201693856,153.87306474108107,0.3,1.710952310872583,29.77463476688799,1.6757155708570148,29.381709205174865,1.2048954535771574,0.4708201172798575,2.5591418237147296,2.1027876465662367,1.3373134931303445,7.5019789975780755,1.2603599203248237,4.481861476696013
35.860894342138415,142.72588520214012,155.35229365803494,18.074544444833634,154.00672785909398,0.3,1.7132214971404798,29.783567001478378,1.677419814483119,29.386469922269455,1.2061963569527752,0.47122345753034384,2.559712038263935,2.1343304966498673,1.351292211209068,7.611311133464657,1.2651206374194146,4.498790668273445
37.17308399235731,142.01838872485902,153.47407196898868,18.18442936493826,153.16589221522594,0.3,1.7132404060485897,29.89394215633953,1.6803067435488803,29.51615028128233,1.21032078763785,0.4699859559110304,2.5752275624741583,1.9599791898800634,1.279949693496373,7.796515945780302,1.3948009964322878,4.959936247382397
38.83041059273311,142.86611481301887,152.50195820300158,18.210781315784878,152.8444652498316,0.3,1.7167020462186233,29.906374859483744,1.685791972866066,29.560412529809852,1.2149682089234262,0.4708237639426397,2.5805158999396753,1.833563918328915,1.1703569066399535,8.148409200881712,1.4390632449598115,5.117333561711726
35.4180417736382,142.9784736087029,154.81224907703026,18.179949474315023,154.68467659980035,0.3,1.7269234407327274,29.965840397410577,1.6903540644130222,29.561864502032492,1.2182790208063894,0.47207504360663266,2.5806893147724796,2.1634151737555656,1.3665440329391623,8.441080509900514,1.4405152171824511,5.1224967998193005
35.60614975007502,141.86700328924155,153.09156014358743,18.360995445734588,153.99285710254625,0.3,1.7289914141787222,30.127573420931046,1.6947461243773776,29.732744821000324,1.2241232784743952,0.4706228459029823,2.6010706643993755,2.0206737344760546,1.3279251623343358,8.722843803299266,1.6113955361502832,5.730150142612107
36.81779860561787,142.697825690951,152.98717544489057,18.79130421174061,154.29856934671932,0.3,1.7309245383665877,30.130883036609763,1.697142260350167,29.746582900567155,1.226069619762948,0.47107264058721904,2.6027188041202773,1.990538966924938,1.2919135529858818,8.876562825490126,1.6252336157171143,5.7793585907084655
35.288062101492564,142.6210776719748,152.1474484572145,18.83607550900142,153.6864144950833,0.3,1.7398487300829228,30.23651289797043,1.7061923153473981,29.856983606427935,1.2343282089308727,0.4718641064165254,2.615855268807631,1.9726038168605826,1.2711575172677103,9.457149912678021,1.7356343215778942,6.1719453927942975
