candidate_id,L1_mm,L3_mm,L4_mm,theta1_deg,theta2_deg,mu,BF_XGB,Delta_BF_XGB,BF_RSM,Delta_BF_RSM,BF_physical,Delta_BF_physical,CL_physical,CT_physical,CL_CT_physical,BF_change_percent,Delta_BF_change_pp,Win_Win_Physical,Surrogate_Origin,XGBoost_Pareto,RSM_Pareto,Global_Physical_Pareto
24111,35.16096111593682,142.82536629450456,156.09362265305742,18.341903803518225,137.63693175052472,0.3,1.5669729,27.37326,1.5723687199971668,27.435883165494577,1.5589379548758067,27.3454846873536,1.0880378994056235,0.47090005547018315,2.3105495248227186,0.010358436686878306,-0.7758645926463998,True,Both,True,True,True
6691,35.58789661567016,142.922132592727,155.75289836775315,18.67247049513952,137.77203314269943,0.3,1.5541312,27.401266,1.5750744109586532,27.49599832469408,1.5607778127235763,27.391888409097014,1.0901445184772545,0.47063329424632194,2.316335312024674,0.12839061510199107,-0.7294608709029866,True,RSM,False,True,True
11315,37.2232892758528,142.9035839494288,152.15082622065557,18.64548159570414,135.05408383603205,0.3,1.5463364,27.233484,1.5798634183133973,27.52983077133237,1.5688754584867097,27.453540242828538,1.096893009081273,0.47198244940543665,2.3240122815224282,0.6478779062615743,-0.6678090371714624,True,RSM,False,True,True
29757,36.2961344787823,142.88935002396178,152.76178245539035,19.120043234907072,136.1872076063435,0.3,1.5544068,27.456158,1.5860213004848656,27.65774960746349,1.5721445354912968,27.54472698728938,1.1007858331359766,0.47135870235532035,2.335346367077743,0.8575986087201491,-0.5766222927106206,True,RSM,False,True,True
15086,36.46733720981484,142.61198713584793,152.03749007019178,18.734525990597444,135.5588842985787,0.3,1.5552607,27.393793,1.585769716506415,27.64456152216032,1.5736122287134744,27.550610684698064,1.1019167912453836,0.4716954374680909,2.3360768489941686,0.9517553548343753,-0.5707385953019362,True,RSM,False,True,True
12241,37.22911324015448,142.73765625037197,153.298606461997,18.508601640313945,137.51667993587014,0.3,1.5618925,27.558376,1.588668045734559,27.73050014395778,1.5738663949953065,27.60707288475462,1.1030832936968047,0.4707831012985018,2.343081751775518,0.9680608536318365,-0.5142763952453819,True,RSM,False,True,True
24922,40.92214789200693,142.89767441919938,152.4551653799524,18.08909761709431,138.28144396065113,0.3,1.5685759,27.606482,1.589629271483827,27.800196982992336,1.5749556146105896,27.683955740445814,1.1051849767258892,0.4697706378847004,2.352605479351274,1.0379374281292608,-0.43739353955418636,True,RSM,False,True,True
14473,35.321718236508126,142.4309283181078,152.4097485570892,18.515099370921376,136.9523136821229,0.3,1.569773,27.551992,1.5976176783016367,27.83469976639633,1.5825632132941385,27.704780955744816,1.1108859469692105,0.47167726632492796,2.3551822957775244,1.5259867881468012,-0.4165683242551843,True,Both,True,True,True
10528,36.09457127542794,143.14341334398503,154.398907574108,19.441259319931067,139.9509075946399,0.3,1.5782869,27.770735,1.6034919516039343,27.995346260294443,1.5833025992293988,27.805240878179376,1.1131444552631533,0.4701581439662454,2.3675958175959417,1.5734205247988238,-0.3161084018206246,True,RSM,False,True,True
22502,35.87830171982813,142.37601837206125,153.42558293021452,18.68603001094141,139.38162885398015,0.3,1.5609882,27.741951,1.605181800075886,28.03151451159449,1.5867955800447702,27.85781120664045,1.1165058324821286,0.4702897475626415,2.3740807412209484,1.7975053014027753,-0.2635380733595518,True,RSM,False,True,True
21178,35.1804507839428,142.87191602743553,152.6823690931555,19.784661182114288,138.48325529926487,0.3,1.5721495,27.785763,1.6085100170037163,28.05918915685891,1.5889733177691627,27.870580817471573,1.1182577393266182,0.47071557844254464,2.3756548339160446,1.9372134467567352,-0.250768462528427,True,RSM,False,True,True
25,36.94638707851968,143.14704293010658,153.28769635986117,19.05903772461218,139.79256505088512,0.3,1.5809023,27.796656,1.6100429940886527,28.087070884433647,1.590161134548685,27.896157966429314,1.1195330612995211,0.47062807324916384,2.37880637585087,2.0134153132297334,-0.22519131357068645,True,RSM,False,True,True
18598,36.47992050215512,142.46411278485172,152.23710146242985,19.648211736329312,139.05652051390516,0.3,1.5743998,27.76931,1.609342377966819,28.144874481228545,1.5905598089054305,27.9579079932573,1.1208704257448618,0.4696893831605687,2.386407838734731,2.0389914211132605,-0.16344128674269953,True,Neither,False,False,True
27942,36.74859396985661,142.09792328656775,153.38676079673974,19.04358749627991,140.88602834296964,0.3,1.5752779,27.898888,1.611727872533995,28.2251317363166,1.5916918970147647,28.023487407871144,1.122784513964539,0.4689073830502256,2.3944696853797995,2.1116181329347983,-0.09786187212885622,True,Neither,False,False,True
12848,35.42010041304367,141.8401693158492,152.99438271004212,19.23030202247312,140.1563248826309,0.3,1.5717365,27.926937,1.6123689679399331,28.223666247646424,1.5926887552900313,28.025325498682758,1.1235189100235528,0.4691698452664784,2.3946954847138953,2.175569461535259,-0.09602378131724265,True,RSM,False,True,True
29030,38.62748536549711,143.0684275607203,152.55020545053088,18.904759903543678,140.63409987298317,0.3,1.5696114,27.883299,1.6164136548826744,28.23601918799766,1.5964009160806343,28.039078962453836,1.126371447501138,0.4700294685794964,2.3963847435038725,2.413715264632597,-0.08227031754616476,True,RSM,False,True,True
12445,36.629942787861566,143.12826335576815,152.036672257905,18.149762179978943,139.7045384544791,0.3,1.5874947,27.832422,1.6242529601626416,28.242343732397103,1.604296575748114,28.04859953908798,1.1321049156223995,0.47219166012571456,2.3975538138919945,2.9202445661798473,-0.07274974091201969,True,Both,True,True,True
