parameter,value,mu,BF
L1_mm,35.0,0.3,1.5532575
L1_mm,35.1,0.3,1.5574476
L1_mm,35.2,0.3,1.558398
L1_mm,35.3,0.3,1.5566496
L1_mm,35.4,0.3,1.5567204
L1_mm,35.5,0.3,1.553387
L1_mm,35.6,0.3,1.5535812
L1_mm,35.7,0.3,1.5556797
L1_mm,35.8,0.3,1.553834
L1_mm,35.9,0.3,1.553834
L1_mm,36.0,0.3,1.5544124
L1_mm,36.1,0.3,1.5545805
L1_mm,36.2,0.3,1.5544175
L1_mm,36.3,0.3,1.5553352
L1_mm,36.4,0.3,1.5550977
L1_mm,36.5,0.3,1.5541291
L1_mm,36.6,0.3,1.5540991
L1_mm,36.7,0.3,1.5523288
L1_mm,36.8,0.3,1.5527253
L1_mm,36.9,0.3,1.5527253
L1_mm,37.0,0.3,1.5527253
L1_mm,37.1,0.3,1.5533801
L1_mm,37.2,0.3,1.5524868
L1_mm,37.3,0.3,1.5525941
L1_mm,37.4,0.3,1.5525941
L1_mm,37.5,0.3,1.5513805
L1_mm,37.6,0.3,1.5509723
L1_mm,37.7,0.3,1.5509723
L1_mm,37.8,0.3,1.551485
L1_mm,37.9,0.3,1.5518886
L1_mm,38.0,0.3,1.5522355
L1_mm,38.1,0.3,1.5515194
L1_mm,38.2,0.3,1.5534625
L1_mm,38.3,0.3,1.5508342
L1_mm,38.4,0.3,1.5505313
L1_mm,38.5,0.3,1.550411
L1_mm,38.6,0.3,1.550411
L1_mm,38.7,0.3,1.5506064
L1_mm,38.8,0.3,1.5499725
L1_mm,38.9,0.3,1.5491081
L1_mm,39.0,0.3,1.5491081
L1_mm,39.1,0.3,1.5493864
L1_mm,39.2,0.3,1.5497599
L1_mm,39.3,0.3,1.5482472
L1_mm,39.4,0.3,1.5481297
L1_mm,39.5,0.3,1.547028
L1_mm,39.6,0.3,1.5461783
L1_mm,39.7,0.3,1.5455687
L1_mm,39.8,0.3,1.5455687
L1_mm,39.9,0.3,1.5455687
L1_mm,40.0,0.3,1.5455687
L1_mm,40.1,0.3,1.5455687
L1_mm,40.2,0.3,1.5455687
L1_mm,40.3,0.3,1.5455687
L1_mm,40.4,0.3,1.5457858
L1_mm,40.5,0.3,1.5459307
L1_mm,40.6,0.3,1.5461401
L1_mm,40.7,0.3,1.5461401
L1_mm,40.8,0.3,1.5457622
L1_mm,40.9,0.3,1.5462085
L1_mm,41.0,0.3,1.5462415
L1_mm,41.1,0.3,1.5459992
L1_mm,41.2,0.3,1.545734
L1_mm,41.3,0.3,1.54563
L1_mm,41.4,0.3,1.5455543
L1_mm,41.5,0.3,1.5447847
L1_mm,41.6,0.3,1.5437729
L1_mm,41.7,0.3,1.5451175
L1_mm,41.8,0.3,1.5452611
L1_mm,41.9,0.3,1.5448712
L1_mm,42.0,0.3,1.5441561
L1_mm,42.1,0.3,1.5441561
L1_mm,42.2,0.3,1.5441341
L1_mm,42.3,0.3,1.5441341
L1_mm,42.4,0.3,1.5431929
L1_mm,42.5,0.3,1.542786
L1_mm,42.6,0.3,1.542786
L1_mm,42.7,0.3,1.5388719
L1_mm,42.8,0.3,1.5387485
L1_mm,42.9,0.3,1.537299
L1_mm,43.0,0.3,1.5369574
L1_mm,43.1,0.3,1.536024
L1_mm,43.2,0.3,1.5359992
L1_mm,43.3,0.3,1.5360621
L1_mm,43.4,0.3,1.5370225
L1_mm,43.5,0.3,1.5385518
L1_mm,43.6,0.3,1.537657
L1_mm,43.7,0.3,1.538712
L1_mm,43.8,0.3,1.5368624
L1_mm,43.9,0.3,1.5368624
L1_mm,44.0,0.3,1.5396024
L1_mm,44.1,0.3,1.539292
L1_mm,44.2,0.3,1.5359586
L1_mm,44.3,0.3,1.5353256
L1_mm,44.4,0.3,1.5354347
L1_mm,44.5,0.3,1.5349325
L1_mm,44.6,0.3,1.5356212
L1_mm,44.7,0.3,1.5355685
L1_mm,44.8,0.3,1.5356625
L1_mm,44.9,0.3,1.5393069
L1_mm,45.0,0.3,1.5402607
L3_mm,138.15,0.3,1.5308051
L3_mm,138.20000000000002,0.3,1.5308051
L3_mm,138.25,0.3,1.5308051
L3_mm,138.3,0.3,1.5311962
L3_mm,138.35,0.3,1.5318304
L3_mm,138.4,0.3,1.5338737
L3_mm,138.45000000000002,0.3,1.5330853
L3_mm,138.5,0.3,1.5321935
L3_mm,138.55,0.3,1.5332849
L3_mm,138.6,0.3,1.5331879
L3_mm,138.65,0.3,1.5334023
L3_mm,138.70000000000002,0.3,1.5356673
L3_mm,138.75,0.3,1.5355583
L3_mm,138.8,0.3,1.5355583
L3_mm,138.85,0.3,1.5351671
L3_mm,138.9,0.3,1.5351671
L3_mm,138.95000000000002,0.3,1.5351671
L3_mm,139.0,0.3,1.5346828
L3_mm,139.05,0.3,1.5363107
L3_mm,139.1,0.3,1.5361494
L3_mm,139.15,0.3,1.5364208
L3_mm,139.20000000000002,0.3,1.5401152
L3_mm,139.25,0.3,1.5398706
L3_mm,139.3,0.3,1.5393586
L3_mm,139.35,0.3,1.5411729
L3_mm,139.4,0.3,1.5407373
L3_mm,139.45000000000002,0.3,1.5395582
L3_mm,139.5,0.3,1.5413843
L3_mm,139.55,0.3,1.5415725
L3_mm,139.6,0.3,1.5425825
L3_mm,139.65,0.3,1.5425825
L3_mm,139.70000000000002,0.3,1.5425498
L3_mm,139.75,0.3,1.5426667
L3_mm,139.8,0.3,1.5426667
L3_mm,139.85,0.3,1.5426667
L3_mm,139.9,0.3,1.543282
L3_mm,139.95000000000002,0.3,1.5426965
L3_mm,140.0,0.3,1.5427743
L3_mm,140.05,0.3,1.5426471
L3_mm,140.1,0.3,1.5426471
L3_mm,140.15,0.3,1.5433716
L3_mm,140.20000000000002,0.3,1.5439419
L3_mm,140.25,0.3,1.5436567
L3_mm,140.3,0.3,1.5436567
L3_mm,140.35,0.3,1.5438906
L3_mm,140.4,0.3,1.5444283
L3_mm,140.45000000000002,0.3,1.5446857
L3_mm,140.5,0.3,1.5446857
L3_mm,140.55,0.3,1.5452759
L3_mm,140.6,0.3,1.5447481
L3_mm,140.65,0.3,1.5455687
L3_mm,140.70000000000002,0.3,1.545914
L3_mm,140.75,0.3,1.5472775
L3_mm,140.8,0.3,1.5466949
L3_mm,140.85,0.3,1.5456958
L3_mm,140.9,0.3,1.5451721
L3_mm,140.95000000000002,0.3,1.5446528
L3_mm,141.0,0.3,1.5445683
L3_mm,141.05,0.3,1.5445683
L3_mm,141.1,0.3,1.5441383
L3_mm,141.15,0.3,1.5444592
L3_mm,141.20000000000002,0.3,1.5441093
L3_mm,141.25,0.3,1.5441093
L3_mm,141.3,0.3,1.5442208
L3_mm,141.35,0.3,1.5441332
L3_mm,141.4,0.3,1.544283
L3_mm,141.45000000000002,0.3,1.5445417
L3_mm,141.5,0.3,1.545367
L3_mm,141.55,0.3,1.5466293
L3_mm,141.6,0.3,1.5466293
L3_mm,141.65,0.3,1.5472599
L3_mm,141.70000000000002,0.3,1.5472599
L3_mm,141.75,0.3,1.5468899
L3_mm,141.8,0.3,1.5468899
L3_mm,141.85,0.3,1.5469506
L3_mm,141.9,0.3,1.546904
L3_mm,141.95000000000002,0.3,1.5469136
L3_mm,142.0,0.3,1.5470104
L3_mm,142.05,0.3,1.5476164
L3_mm,142.1,0.3,1.5479877
L3_mm,142.15,0.3,1.5474677
L3_mm,142.20000000000002,0.3,1.548418
L3_mm,142.25,0.3,1.5487787
L3_mm,142.3,0.3,1.5490334
L3_mm,142.35,0.3,1.5492193
L3_mm,142.4,0.3,1.5487313
L3_mm,142.45000000000002,0.3,1.5478946
L3_mm,142.5,0.3,1.5479071
L3_mm,142.55,0.3,1.5515784
L3_mm,142.6,0.3,1.5515853
L3_mm,142.65,0.3,1.5514202
L3_mm,142.70000000000002,0.3,1.5516814
L3_mm,142.75,0.3,1.5513978
L3_mm,142.8,0.3,1.5511519
L3_mm,142.85,0.3,1.5510114
L3_mm,142.9,0.3,1.5510114
L3_mm,142.95000000000002,0.3,1.5532118
L3_mm,143.0,0.3,1.5518488
L3_mm,143.05,0.3,1.5506052
L3_mm,143.1,0.3,1.5550144
L3_mm,143.15,0.3,1.5515482
L4_mm,152.0,0.3,1.5646389
L4_mm,152.1,0.3,1.5679104
L4_mm,152.2,0.3,1.56864
L4_mm,152.3,0.3,1.5665132
L4_mm,152.4,0.3,1.5638322
L4_mm,152.5,0.3,1.5626549
L4_mm,152.6,0.3,1.5612714
L4_mm,152.7,0.3,1.5610962
L4_mm,152.8,0.3,1.5604054
L4_mm,152.9,0.3,1.5604054
L4_mm,153.0,0.3,1.5594983
L4_mm,153.1,0.3,1.5589862
L4_mm,153.2,0.3,1.5600555
L4_mm,153.3,0.3,1.5581197
L4_mm,153.4,0.3,1.558112
L4_mm,153.5,0.3,1.5561495
L4_mm,153.6,0.3,1.5558697
L4_mm,153.7,0.3,1.5573521
L4_mm,153.8,0.3,1.5573778
L4_mm,153.9,0.3,1.5559623
L4_mm,154.0,0.3,1.5545715
L4_mm,154.1,0.3,1.5545715
L4_mm,154.2,0.3,1.5545715
L4_mm,154.3,0.3,1.5521576
L4_mm,154.4,0.3,1.5508392
L4_mm,154.5,0.3,1.5498573
L4_mm,154.6,0.3,1.5472714
L4_mm,154.7,0.3,1.5472645
L4_mm,154.8,0.3,1.5470214
L4_mm,154.9,0.3,1.5472505
L4_mm,155.0,0.3,1.5475905
L4_mm,155.1,0.3,1.5465738
L4_mm,155.2,0.3,1.54652
L4_mm,155.3,0.3,1.54652
L4_mm,155.4,0.3,1.5455561
L4_mm,155.5,0.3,1.5455155
L4_mm,155.6,0.3,1.544509
L4_mm,155.7,0.3,1.5445585
L4_mm,155.8,0.3,1.5439279
L4_mm,155.9,0.3,1.5428798
L4_mm,156.0,0.3,1.5423877
L4_mm,156.1,0.3,1.5426415
L4_mm,156.2,0.3,1.5416331
L4_mm,156.3,0.3,1.5431051
L4_mm,156.4,0.3,1.5431168
L4_mm,156.5,0.3,1.5433329
L4_mm,156.6,0.3,1.5453521
L4_mm,156.7,0.3,1.5455312
L4_mm,156.8,0.3,1.5455312
L4_mm,156.9,0.3,1.5455687
L4_mm,157.0,0.3,1.5455687
L4_mm,157.1,0.3,1.5445462
L4_mm,157.2,0.3,1.5440403
L4_mm,157.3,0.3,1.5437865
L4_mm,157.4,0.3,1.5433594
L4_mm,157.5,0.3,1.5412973
L4_mm,157.6,0.3,1.5328141
L4_mm,157.7,0.3,1.5309395
L4_mm,157.8,0.3,1.5313777
L4_mm,157.9,0.3,1.5315286
L4_mm,158.0,0.3,1.5305225
L4_mm,158.1,0.3,1.5305319
L4_mm,158.2,0.3,1.5307729
L4_mm,158.3,0.3,1.5305991
L4_mm,158.4,0.3,1.5301393
L4_mm,158.5,0.3,1.5289829
L4_mm,158.6,0.3,1.5289829
L4_mm,158.7,0.3,1.5289538
L4_mm,158.8,0.3,1.5276043
L4_mm,158.9,0.3,1.5276043
L4_mm,159.0,0.3,1.5276043
L4_mm,159.1,0.3,1.5276043
L4_mm,159.2,0.3,1.5276043
L4_mm,159.3,0.3,1.5276043
L4_mm,159.4,0.3,1.5254976
L4_mm,159.5,0.3,1.5218171
L4_mm,159.6,0.3,1.5207528
L4_mm,159.7,0.3,1.5218248
L4_mm,159.8,0.3,1.5143844
L4_mm,159.9,0.3,1.5138049
L4_mm,160.0,0.3,1.5131444
L4_mm,160.1,0.3,1.5118774
L4_mm,160.2,0.3,1.511915
L4_mm,160.3,0.3,1.5113622
L4_mm,160.4,0.3,1.5109807
L4_mm,160.5,0.3,1.5109807
L4_mm,160.6,0.3,1.510591
L4_mm,160.7,0.3,1.510591
L4_mm,160.8,0.3,1.5106894
L4_mm,160.9,0.3,1.5107875
L4_mm,161.0,0.3,1.5086288
L4_mm,161.1,0.3,1.5087296
L4_mm,161.2,0.3,1.5087296
L4_mm,161.3,0.3,1.508433
L4_mm,161.4,0.3,1.508197
L4_mm,161.5,0.3,1.5072643
L4_mm,161.6,0.3,1.5068307
L4_mm,161.7,0.3,1.5042065
L4_mm,161.8,0.3,1.5065314
L4_mm,161.9,0.3,1.4938594
L4_mm,162.0,0.3,1.5000926
theta1_deg,18.0,0.3,1.5644801
theta1_deg,18.2,0.3,1.5638967
theta1_deg,18.4,0.3,1.5621449
theta1_deg,18.6,0.3,1.5580257
theta1_deg,18.8,0.3,1.5575902
theta1_deg,19.0,0.3,1.5657588
theta1_deg,19.2,0.3,1.5656266
theta1_deg,19.4,0.3,1.5656929
theta1_deg,19.6,0.3,1.5656929
theta1_deg,19.8,0.3,1.565002
theta1_deg,20.0,0.3,1.5630507
theta1_deg,20.2,0.3,1.5657783
theta1_deg,20.4,0.3,1.5612559
theta1_deg,20.6,0.3,1.561993
theta1_deg,20.8,0.3,1.5621897
theta1_deg,21.0,0.3,1.5599238
theta1_deg,21.2,0.3,1.5592959
theta1_deg,21.4,0.3,1.5590008
theta1_deg,21.6,0.3,1.5578526
theta1_deg,21.8,0.3,1.5570602
theta1_deg,22.0,0.3,1.5572569
theta1_deg,22.2,0.3,1.5562859
theta1_deg,22.4,0.3,1.5555698
theta1_deg,22.6,0.3,1.5570871
theta1_deg,22.8,0.3,1.556271
theta1_deg,23.0,0.3,1.5551856
theta1_deg,23.2,0.3,1.5549958
theta1_deg,23.4,0.3,1.5487202
theta1_deg,23.6,0.3,1.5487202
theta1_deg,23.8,0.3,1.5478096
theta1_deg,24.0,0.3,1.5474405
theta1_deg,24.2,0.3,1.5470865
theta1_deg,24.4,0.3,1.5472841
theta1_deg,24.6,0.3,1.5472841
theta1_deg,24.8,0.3,1.5473509
theta1_deg,25.0,0.3,1.5471448
theta1_deg,25.2,0.3,1.545889
theta1_deg,25.4,0.3,1.5453031
theta1_deg,25.6,0.3,1.5461105
theta1_deg,25.8,0.3,1.5461892
theta1_deg,26.0,0.3,1.5457253
theta1_deg,26.200000000000003,0.3,1.5475601
theta1_deg,26.4,0.3,1.547087
theta1_deg,26.6,0.3,1.5467567
theta1_deg,26.8,0.3,1.5467567
theta1_deg,27.0,0.3,1.5469704
theta1_deg,27.200000000000003,0.3,1.5467947
theta1_deg,27.4,0.3,1.5462884
theta1_deg,27.6,0.3,1.5460393
theta1_deg,27.8,0.3,1.5458223
theta1_deg,28.0,0.3,1.5455687
theta1_deg,28.200000000000003,0.3,1.5457258
theta1_deg,28.4,0.3,1.5453284
theta1_deg,28.6,0.3,1.5451307
theta1_deg,28.8,0.3,1.5456177
theta1_deg,29.0,0.3,1.544565
theta1_deg,29.200000000000003,0.3,1.544565
theta1_deg,29.4,0.3,1.5444444
theta1_deg,29.6,0.3,1.5423276
theta1_deg,29.8,0.3,1.5420891
theta1_deg,30.0,0.3,1.5420891
theta1_deg,30.200000000000003,0.3,1.5405976
theta1_deg,30.4,0.3,1.5408096
theta1_deg,30.6,0.3,1.5409527
theta1_deg,30.8,0.3,1.5412334
theta1_deg,31.0,0.3,1.5392551
theta1_deg,31.200000000000003,0.3,1.5393136
theta1_deg,31.4,0.3,1.5402312
theta1_deg,31.6,0.3,1.5380284
theta1_deg,31.8,0.3,1.5378321
theta1_deg,32.0,0.3,1.5363607
theta1_deg,32.2,0.3,1.5358423
theta1_deg,32.4,0.3,1.5352539
theta1_deg,32.6,0.3,1.5344862
theta1_deg,32.8,0.3,1.5339527
theta1_deg,33.0,0.3,1.5339527
theta1_deg,33.2,0.3,1.5343143
theta1_deg,33.4,0.3,1.5343986
theta1_deg,33.6,0.3,1.5338434
theta1_deg,33.8,0.3,1.5338434
theta1_deg,34.0,0.3,1.533801
theta1_deg,34.2,0.3,1.5336148
theta1_deg,34.400000000000006,0.3,1.5336148
theta1_deg,34.6,0.3,1.5333818
theta1_deg,34.8,0.3,1.5338794
theta1_deg,35.0,0.3,1.5326539
theta1_deg,35.2,0.3,1.5323597
theta1_deg,35.400000000000006,0.3,1.5321274
theta1_deg,35.6,0.3,1.5324296
theta1_deg,35.8,0.3,1.5303202
theta1_deg,36.0,0.3,1.5303202
theta1_deg,36.2,0.3,1.5303202
theta1_deg,36.400000000000006,0.3,1.5315007
theta1_deg,36.6,0.3,1.5315007
theta1_deg,36.8,0.3,1.5275489
theta1_deg,37.0,0.3,1.5278213
theta1_deg,37.2,0.3,1.5281006
theta1_deg,37.400000000000006,0.3,1.530567
theta1_deg,37.6,0.3,1.5287851
theta1_deg,37.8,0.3,1.529111
theta1_deg,38.0,0.3,1.526125
theta2_deg,135.0,0.3,1.4975548
theta2_deg,135.2,0.3,1.4974413
theta2_deg,135.4,0.3,1.4985833
theta2_deg,135.6,0.3,1.4985833
theta2_deg,135.8,0.3,1.4989378
theta2_deg,136.0,0.3,1.4986953
theta2_deg,136.2,0.3,1.4998659
theta2_deg,136.4,0.3,1.5007783
theta2_deg,136.6,0.3,1.5011004
theta2_deg,136.8,0.3,1.5020199
theta2_deg,137.0,0.3,1.5033084
theta2_deg,137.2,0.3,1.5033048
theta2_deg,137.4,0.3,1.5024178
theta2_deg,137.6,0.3,1.5074238
theta2_deg,137.8,0.3,1.5067499
theta2_deg,138.0,0.3,1.5071127
theta2_deg,138.2,0.3,1.5082465
theta2_deg,138.4,0.3,1.5081412
theta2_deg,138.6,0.3,1.5085922
theta2_deg,138.8,0.3,1.5088389
theta2_deg,139.0,0.3,1.5089034
theta2_deg,139.2,0.3,1.5107098
theta2_deg,139.4,0.3,1.5115774
theta2_deg,139.6,0.3,1.511532
theta2_deg,139.8,0.3,1.5119019
theta2_deg,140.0,0.3,1.5124203
theta2_deg,140.2,0.3,1.5134231
theta2_deg,140.4,0.3,1.5224028
theta2_deg,140.6,0.3,1.5224028
theta2_deg,140.8,0.3,1.5240117
theta2_deg,141.0,0.3,1.5281851
theta2_deg,141.2,0.3,1.5304054
theta2_deg,141.4,0.3,1.5303181
theta2_deg,141.6,0.3,1.5303181
theta2_deg,141.8,0.3,1.5303181
theta2_deg,142.0,0.3,1.5297539
theta2_deg,142.2,0.3,1.5317067
theta2_deg,142.4,0.3,1.5318795
theta2_deg,142.6,0.3,1.5332483
theta2_deg,142.8,0.3,1.5334747
theta2_deg,143.0,0.3,1.5372223
theta2_deg,143.2,0.3,1.5379379
theta2_deg,143.4,0.3,1.5381411
theta2_deg,143.6,0.3,1.5398259
theta2_deg,143.8,0.3,1.5398839
theta2_deg,144.0,0.3,1.5402939
theta2_deg,144.2,0.3,1.5403534
theta2_deg,144.4,0.3,1.5403534
theta2_deg,144.6,0.3,1.5393544
theta2_deg,144.8,0.3,1.5441091
theta2_deg,145.0,0.3,1.5455687
theta2_deg,145.2,0.3,1.5514888
theta2_deg,145.4,0.3,1.5536991
theta2_deg,145.6,0.3,1.5567899
theta2_deg,145.8,0.3,1.556304
theta2_deg,146.0,0.3,1.5582602
theta2_deg,146.2,0.3,1.5595233
theta2_deg,146.4,0.3,1.5604174
theta2_deg,146.6,0.3,1.560543
theta2_deg,146.8,0.3,1.5610347
theta2_deg,147.0,0.3,1.5612658
theta2_deg,147.2,0.3,1.5650754
theta2_deg,147.4,0.3,1.5649631
theta2_deg,147.6,0.3,1.5671169
theta2_deg,147.8,0.3,1.5670211
theta2_deg,148.0,0.3,1.567056
theta2_deg,148.2,0.3,1.5645473
theta2_deg,148.4,0.3,1.5823696
theta2_deg,148.6,0.3,1.5676475
theta2_deg,148.8,0.3,1.5683358
theta2_deg,149.0,0.3,1.5704311
theta2_deg,149.2,0.3,1.5753746
theta2_deg,149.4,0.3,1.5816497
theta2_deg,149.6,0.3,1.5824298
theta2_deg,149.8,0.3,1.58361
theta2_deg,150.0,0.3,1.583666
theta2_deg,150.2,0.3,1.5838764
theta2_deg,150.4,0.3,1.5835665
theta2_deg,150.6,0.3,1.5840299
theta2_deg,150.8,0.3,1.5864588
theta2_deg,151.0,0.3,1.5864588
theta2_deg,151.2,0.3,1.5885006
theta2_deg,151.4,0.3,1.5898424
theta2_deg,151.6,0.3,1.588905
theta2_deg,151.8,0.3,1.5911367
theta2_deg,152.0,0.3,1.5908921
theta2_deg,152.2,0.3,1.5940518
theta2_deg,152.4,0.3,1.5954938
theta2_deg,152.6,0.3,1.5953467
theta2_deg,152.8,0.3,1.5975688
theta2_deg,153.0,0.3,1.5986886
theta2_deg,153.2,0.3,1.5985199
theta2_deg,153.4,0.3,1.5991446
theta2_deg,153.6,0.3,1.6023388
theta2_deg,153.8,0.3,1.6024083
theta2_deg,154.0,0.3,1.6078837
theta2_deg,154.2,0.3,1.6082704
theta2_deg,154.4,0.3,1.6071694
theta2_deg,154.6,0.3,1.6061743
theta2_deg,154.8,0.3,1.6073472
theta2_deg,155.0,0.3,1.6067158
