parameter,value,mu,BF,Delta_BF
L1_mm,35.0,0.3,1.5532575,0.0076887608
L1_mm,35.1,0.3,1.5574476,0.011878848
L1_mm,35.2,0.3,1.558398,0.012829304
L1_mm,35.3,0.3,1.5566496,0.011080861
L1_mm,35.4,0.3,1.5567204,0.011151671
L1_mm,35.5,0.3,1.553387,0.007818341
L1_mm,35.6,0.3,1.5535812,0.008012533
L1_mm,35.7,0.3,1.5556797,0.010110974
L1_mm,35.8,0.3,1.553834,0.008265257
L1_mm,35.9,0.3,1.553834,0.008265257
L1_mm,36.0,0.3,1.5544124,0.00884366
L1_mm,36.1,0.3,1.5545805,0.009011745
L1_mm,36.2,0.3,1.5544175,0.008848786
L1_mm,36.3,0.3,1.5553352,0.009766459
L1_mm,36.4,0.3,1.5550977,0.009528995
L1_mm,36.5,0.3,1.5541291,0.008560419
L1_mm,36.6,0.3,1.5540991,0.008530378
L1_mm,36.7,0.3,1.5523288,0.0067601204
L1_mm,36.8,0.3,1.5527253,0.0071566105
L1_mm,36.9,0.3,1.5527253,0.0071566105
L1_mm,37.0,0.3,1.5527253,0.0071566105
L1_mm,37.1,0.3,1.5533801,0.007811427
L1_mm,37.2,0.3,1.5524868,0.0069180727
L1_mm,37.3,0.3,1.5525941,0.007025361
L1_mm,37.4,0.3,1.5525941,0.007025361
L1_mm,37.5,0.3,1.5513805,0.0058118105
L1_mm,37.6,0.3,1.5509723,0.005403638
L1_mm,37.7,0.3,1.5509723,0.005403638
L1_mm,37.8,0.3,1.551485,0.005916238
L1_mm,37.9,0.3,1.5518886,0.0063198805
L1_mm,38.0,0.3,1.5522355,0.0066667795
L1_mm,38.1,0.3,1.5515194,0.0059506893
L1_mm,38.2,0.3,1.5534625,0.007893801
L1_mm,38.3,0.3,1.5508342,0.0052654743
L1_mm,38.4,0.3,1.5505313,0.0049625635
L1_mm,38.5,0.3,1.550411,0.0048422813
L1_mm,38.6,0.3,1.550411,0.0048422813
L1_mm,38.7,0.3,1.5506064,0.0050376654
L1_mm,38.8,0.3,1.5499725,0.0044038296
L1_mm,38.9,0.3,1.5491081,0.003539443
L1_mm,39.0,0.3,1.5491081,0.003539443
L1_mm,39.1,0.3,1.5493864,0.0038176775
L1_mm,39.2,0.3,1.5497599,0.00419116
L1_mm,39.3,0.3,1.5482472,0.0026785135
L1_mm,39.4,0.3,1.5481297,0.0025609732
L1_mm,39.5,0.3,1.547028,0.0014592409
L1_mm,39.6,0.3,1.5461783,0.0006096363
L1_mm,39.7,0.3,1.5455687,0.0
L1_mm,39.8,0.3,1.5455687,0.0
L1_mm,39.9,0.3,1.5455687,0.0
L1_mm,40.0,0.3,1.5455687,0.0
L1_mm,40.1,0.3,1.5455687,0.0
L1_mm,40.2,0.3,1.5455687,0.0
L1_mm,40.3,0.3,1.5455687,0.0
L1_mm,40.4,0.3,1.5457858,0.00021708012
L1_mm,40.5,0.3,1.5459307,0.0003620386
L1_mm,40.6,0.3,1.5461401,0.0005713701
L1_mm,40.7,0.3,1.5461401,0.0005713701
L1_mm,40.8,0.3,1.5457622,0.00019347668
L1_mm,40.9,0.3,1.5462085,0.00063979626
L1_mm,41.0,0.3,1.5462415,0.00067281723
L1_mm,41.1,0.3,1.5459992,0.00043046474
L1_mm,41.2,0.3,1.545734,0.00016534328
L1_mm,41.3,0.3,1.54563,6.1273575e-05
L1_mm,41.4,0.3,1.5455543,-1.4424324e-05
L1_mm,41.5,0.3,1.5447847,-0.0007840395
L1_mm,41.6,0.3,1.5437729,-0.0017957687
L1_mm,41.7,0.3,1.5451175,-0.00045120716
L1_mm,41.8,0.3,1.5452611,-0.00030755997
L1_mm,41.9,0.3,1.5448712,-0.00069749355
L1_mm,42.0,0.3,1.5441561,-0.0014126301
L1_mm,42.1,0.3,1.5441561,-0.0014126301
L1_mm,42.2,0.3,1.5441341,-0.0014345646
L1_mm,42.3,0.3,1.5441341,-0.0014345646
L1_mm,42.4,0.3,1.5431929,-0.0023758411
L1_mm,42.5,0.3,1.542786,-0.0027827024
L1_mm,42.6,0.3,1.542786,-0.0027827024
L1_mm,42.7,0.3,1.5388719,-0.0066968203
L1_mm,42.8,0.3,1.5387485,-0.006820202
L1_mm,42.9,0.3,1.537299,-0.008269668
L1_mm,43.0,0.3,1.5369574,-0.008611321
L1_mm,43.1,0.3,1.536024,-0.00954473
L1_mm,43.2,0.3,1.5359992,-0.009569526
L1_mm,43.3,0.3,1.5360621,-0.009506583
L1_mm,43.4,0.3,1.5370225,-0.008546233
L1_mm,43.5,0.3,1.5385518,-0.007016897
L1_mm,43.6,0.3,1.537657,-0.007911682
L1_mm,43.7,0.3,1.538712,-0.00685668
L1_mm,43.8,0.3,1.5368624,-0.008706331
L1_mm,43.9,0.3,1.5368624,-0.008706331
L1_mm,44.0,0.3,1.5396024,-0.0059663057
L1_mm,44.1,0.3,1.539292,-0.0062767267
L1_mm,44.2,0.3,1.5359586,-0.009610057
L1_mm,44.3,0.3,1.5353256,-0.010243058
L1_mm,44.4,0.3,1.5354347,-0.010133982
L1_mm,44.5,0.3,1.5349325,-0.01063621
L1_mm,44.6,0.3,1.5356212,-0.009947538
L1_mm,44.7,0.3,1.5355685,-0.010000229
L1_mm,44.8,0.3,1.5356625,-0.009906173
L1_mm,44.9,0.3,1.5393069,-0.0062618256
L1_mm,45.0,0.3,1.5402607,-0.005308032
L3_mm,138.15,0.3,1.5308051,-0.014763594
L3_mm,138.20000000000002,0.3,1.5308051,-0.014763594
L3_mm,138.25,0.3,1.5308051,-0.014763594
L3_mm,138.3,0.3,1.5311962,-0.014372468
L3_mm,138.35,0.3,1.5318304,-0.013738275
L3_mm,138.4,0.3,1.5338737,-0.011695027
L3_mm,138.45000000000002,0.3,1.5330853,-0.012483358
L3_mm,138.5,0.3,1.5321935,-0.013375163
L3_mm,138.55,0.3,1.5332849,-0.012283802
L3_mm,138.6,0.3,1.5331879,-0.012380838
L3_mm,138.65,0.3,1.5334023,-0.012166381
L3_mm,138.70000000000002,0.3,1.5356673,-0.009901404
L3_mm,138.75,0.3,1.5355583,-0.010010362
L3_mm,138.8,0.3,1.5355583,-0.010010362
L3_mm,138.85,0.3,1.5351671,-0.010401607
L3_mm,138.9,0.3,1.5351671,-0.010401607
L3_mm,138.95000000000002,0.3,1.5351671,-0.010401607
L3_mm,139.0,0.3,1.5346828,-0.010885954
L3_mm,139.05,0.3,1.5363107,-0.009258032
L3_mm,139.1,0.3,1.5361494,-0.009419322
L3_mm,139.15,0.3,1.5364208,-0.009147882
L3_mm,139.20000000000002,0.3,1.5401152,-0.0054534674
L3_mm,139.25,0.3,1.5398706,-0.005698085
L3_mm,139.3,0.3,1.5393586,-0.0062100887
L3_mm,139.35,0.3,1.5411729,-0.0043958426
L3_mm,139.4,0.3,1.5407373,-0.0048314333
L3_mm,139.45000000000002,0.3,1.5395582,-0.0060105324
L3_mm,139.5,0.3,1.5413843,-0.0041843653
L3_mm,139.55,0.3,1.5415725,-0.003996253
L3_mm,139.6,0.3,1.5425825,-0.0029861927
L3_mm,139.65,0.3,1.5425825,-0.0029861927
L3_mm,139.70000000000002,0.3,1.5425498,-0.003018856
L3_mm,139.75,0.3,1.5426667,-0.002902031
L3_mm,139.8,0.3,1.5426667,-0.002902031
L3_mm,139.85,0.3,1.5426667,-0.002902031
L3_mm,139.9,0.3,1.543282,-0.0022866726
L3_mm,139.95000000000002,0.3,1.5426965,-0.0028722286
L3_mm,140.0,0.3,1.5427743,-0.002794385
L3_mm,140.05,0.3,1.5426471,-0.0029215813
L3_mm,140.1,0.3,1.5426471,-0.0029215813
L3_mm,140.15,0.3,1.5433716,-0.0021971464
L3_mm,140.20000000000002,0.3,1.5439419,-0.0016268492
L3_mm,140.25,0.3,1.5436567,-0.0019119978
L3_mm,140.3,0.3,1.5436567,-0.0019119978
L3_mm,140.35,0.3,1.5438906,-0.0016781092
L3_mm,140.4,0.3,1.5444283,-0.0011403561
L3_mm,140.45000000000002,0.3,1.5446857,-0.0008829832
L3_mm,140.5,0.3,1.5446857,-0.0008829832
L3_mm,140.55,0.3,1.5452759,-0.00029277802
L3_mm,140.6,0.3,1.5447481,-0.00082063675
L3_mm,140.65,0.3,1.5455687,0.0
L3_mm,140.70000000000002,0.3,1.545914,0.0003453493
L3_mm,140.75,0.3,1.5472775,0.001708746
L3_mm,140.8,0.3,1.5466949,0.0011261702
L3_mm,140.85,0.3,1.5456958,0.0001270771
L3_mm,140.9,0.3,1.5451721,-0.0003966093
L3_mm,140.95000000000002,0.3,1.5446528,-0.000915885
L3_mm,141.0,0.3,1.5445683,-0.0010004044
L3_mm,141.05,0.3,1.5445683,-0.0010004044
L3_mm,141.1,0.3,1.5441383,-0.0014303923
L3_mm,141.15,0.3,1.5444592,-0.0011094809
L3_mm,141.20000000000002,0.3,1.5441093,-0.0014593601
L3_mm,141.25,0.3,1.5441093,-0.0014593601
L3_mm,141.3,0.3,1.5442208,-0.0013478994
L3_mm,141.35,0.3,1.5441332,-0.0014355183
L3_mm,141.4,0.3,1.544283,-0.0012856722
L3_mm,141.45000000000002,0.3,1.5445417,-0.001026988
L3_mm,141.5,0.3,1.545367,-0.00020170212
L3_mm,141.55,0.3,1.5466293,0.001060605
L3_mm,141.6,0.3,1.5466293,0.001060605
L3_mm,141.65,0.3,1.5472599,0.0016912222
L3_mm,141.70000000000002,0.3,1.5472599,0.0016912222
L3_mm,141.75,0.3,1.5468899,0.0013211966
L3_mm,141.8,0.3,1.5468899,0.0013211966
L3_mm,141.85,0.3,1.5469506,0.0013818741
L3_mm,141.9,0.3,1.546904,0.0013352633
L3_mm,141.95000000000002,0.3,1.5469136,0.0013449192
L3_mm,142.0,0.3,1.5470104,0.0014417171
L3_mm,142.05,0.3,1.5476164,0.002047658
L3_mm,142.1,0.3,1.5479877,0.002418995
L3_mm,142.15,0.3,1.5474677,0.001899004
L3_mm,142.20000000000002,0.3,1.548418,0.0028493404
L3_mm,142.25,0.3,1.5487787,0.0032099485
L3_mm,142.3,0.3,1.5490334,0.0034646988
L3_mm,142.35,0.3,1.5492193,0.003650546
L3_mm,142.4,0.3,1.5487313,0.0031626225
L3_mm,142.45000000000002,0.3,1.5478946,0.0023258924
L3_mm,142.5,0.3,1.5479071,0.0023384094
L3_mm,142.55,0.3,1.5515784,0.006009698
L3_mm,142.6,0.3,1.5515853,0.006016612
L3_mm,142.65,0.3,1.5514202,0.005851507
L3_mm,142.70000000000002,0.3,1.5516814,0.0061126947
L3_mm,142.75,0.3,1.5513978,0.005829096
L3_mm,142.8,0.3,1.5511519,0.005583167
L3_mm,142.85,0.3,1.5510114,0.0054427385
L3_mm,142.9,0.3,1.5510114,0.0054427385
L3_mm,142.95000000000002,0.3,1.5532118,0.0076431036
L3_mm,143.0,0.3,1.5518488,0.0062800646
L3_mm,143.05,0.3,1.5506052,0.0050364733
L3_mm,143.1,0.3,1.5550144,0.009445667
L3_mm,143.15,0.3,1.5515482,0.005979538
L4_mm,152.0,0.3,1.5646389,0.019070148
L4_mm,152.1,0.3,1.5679104,0.022341728
L4_mm,152.2,0.3,1.56864,0.023071289
L4_mm,152.3,0.3,1.5665132,0.020944476
L4_mm,152.4,0.3,1.5638322,0.01826346
L4_mm,152.5,0.3,1.5626549,0.017086148
L4_mm,152.6,0.3,1.5612714,0.015702724
L4_mm,152.7,0.3,1.5610962,0.015527487
L4_mm,152.8,0.3,1.5604054,0.014836669
L4_mm,152.9,0.3,1.5604054,0.014836669
L4_mm,153.0,0.3,1.5594983,0.0139296055
L4_mm,153.1,0.3,1.5589862,0.013417482
L4_mm,153.2,0.3,1.5600555,0.01448679
L4_mm,153.3,0.3,1.5581197,0.01255095
L4_mm,153.4,0.3,1.558112,0.012543321
L4_mm,153.5,0.3,1.5561495,0.010580778
L4_mm,153.6,0.3,1.5558697,0.010300994
L4_mm,153.7,0.3,1.5573521,0.011783361
L4_mm,153.8,0.3,1.5573778,0.011809111
L4_mm,153.9,0.3,1.5559623,0.01039362
L4_mm,154.0,0.3,1.5545715,0.009002805
L4_mm,154.1,0.3,1.5545715,0.009002805
L4_mm,154.2,0.3,1.5545715,0.009002805
L4_mm,154.3,0.3,1.5521576,0.006588936
L4_mm,154.4,0.3,1.5508392,0.005270481
L4_mm,154.5,0.3,1.5498573,0.004288554
L4_mm,154.6,0.3,1.5472714,0.0017026663
L4_mm,154.7,0.3,1.5472645,0.0016957521
L4_mm,154.8,0.3,1.5470214,0.0014526844
L4_mm,154.9,0.3,1.5472505,0.0016818047
L4_mm,155.0,0.3,1.5475905,0.0020217896
L4_mm,155.1,0.3,1.5465738,0.0010050535
L4_mm,155.2,0.3,1.54652,0.00095129013
L4_mm,155.3,0.3,1.54652,0.00095129013
L4_mm,155.4,0.3,1.5455561,-1.2636185e-05
L4_mm,155.5,0.3,1.5455155,-5.3167343e-05
L4_mm,155.6,0.3,1.544509,-0.0010596514
L4_mm,155.7,0.3,1.5445585,-0.0010101795
L4_mm,155.8,0.3,1.5439279,-0.0016407967
L4_mm,155.9,0.3,1.5428798,-0.0026888847
L4_mm,156.0,0.3,1.5423877,-0.0031809807
L4_mm,156.1,0.3,1.5426415,-0.002927184
L4_mm,156.2,0.3,1.5416331,-0.0039355755
L4_mm,156.3,0.3,1.5431051,-0.0024635792
L4_mm,156.4,0.3,1.5431168,-0.0024518967
L4_mm,156.5,0.3,1.5433329,-0.0022357702
L4_mm,156.6,0.3,1.5453521,-0.00021660328
L4_mm,156.7,0.3,1.5455312,-3.7550926e-05
L4_mm,156.8,0.3,1.5455312,-3.7550926e-05
L4_mm,156.9,0.3,1.5455687,0.0
L4_mm,157.0,0.3,1.5455687,0.0
L4_mm,157.1,0.3,1.5445462,-0.0010224581
L4_mm,157.2,0.3,1.5440403,-0.0015283823
L4_mm,157.3,0.3,1.5437865,-0.0017821789
L4_mm,157.4,0.3,1.5433594,-0.0022093058
L4_mm,157.5,0.3,1.5412973,-0.004271388
L4_mm,157.6,0.3,1.5328141,-0.0127545595
L4_mm,157.7,0.3,1.5309395,-0.014629245
L4_mm,157.8,0.3,1.5313777,-0.014191031
L4_mm,157.9,0.3,1.5315286,-0.0140401125
L4_mm,158.0,0.3,1.5305225,-0.015046239
L4_mm,158.1,0.3,1.5305319,-0.015036821
L4_mm,158.2,0.3,1.5307729,-0.01479578
L4_mm,158.3,0.3,1.5305991,-0.014969587
L4_mm,158.4,0.3,1.5301393,-0.015429378
L4_mm,158.5,0.3,1.5289829,-0.016585827
L4_mm,158.6,0.3,1.5289829,-0.016585827
L4_mm,158.7,0.3,1.5289538,-0.016614914
L4_mm,158.8,0.3,1.5276043,-0.017964363
L4_mm,158.9,0.3,1.5276043,-0.017964363
L4_mm,159.0,0.3,1.5276043,-0.017964363
L4_mm,159.1,0.3,1.5276043,-0.017964363
L4_mm,159.2,0.3,1.5276043,-0.017964363
L4_mm,159.3,0.3,1.5276043,-0.017964363
L4_mm,159.4,0.3,1.5254976,-0.020071149
L4_mm,159.5,0.3,1.5218171,-0.023751616
L4_mm,159.6,0.3,1.5207528,-0.024815917
L4_mm,159.7,0.3,1.5218248,-0.023743868
L4_mm,159.8,0.3,1.5143844,-0.031184316
L4_mm,159.9,0.3,1.5138049,-0.031763792
L4_mm,160.0,0.3,1.5131444,-0.03242433
L4_mm,160.1,0.3,1.5118774,-0.033691287
L4_mm,160.2,0.3,1.511915,-0.033653736
L4_mm,160.3,0.3,1.5113622,-0.03420651
L4_mm,160.4,0.3,1.5109807,-0.03458798
L4_mm,160.5,0.3,1.5109807,-0.03458798
L4_mm,160.6,0.3,1.510591,-0.034977674
L4_mm,160.7,0.3,1.510591,-0.034977674
L4_mm,160.8,0.3,1.5106894,-0.034879327
L4_mm,160.9,0.3,1.5107875,-0.034781218
L4_mm,161.0,0.3,1.5086288,-0.03693986
L4_mm,161.1,0.3,1.5087296,-0.036839128
L4_mm,161.2,0.3,1.5087296,-0.036839128
L4_mm,161.3,0.3,1.508433,-0.03713572
L4_mm,161.4,0.3,1.508197,-0.037371755
L4_mm,161.5,0.3,1.5072643,-0.038304448
L4_mm,161.6,0.3,1.5068307,-0.038738012
L4_mm,161.7,0.3,1.5042065,-0.041362166
L4_mm,161.8,0.3,1.5065314,-0.039037347
L4_mm,161.9,0.3,1.4938594,-0.051709294
L4_mm,162.0,0.3,1.5000926,-0.04547608
theta1_deg,18.0,0.3,1.5644801,0.018911362
theta1_deg,18.2,0.3,1.5638967,0.018327951
theta1_deg,18.4,0.3,1.5621449,0.01657617
theta1_deg,18.6,0.3,1.5580257,0.012457013
theta1_deg,18.8,0.3,1.5575902,0.012021542
theta1_deg,19.0,0.3,1.5657588,0.02019012
theta1_deg,19.2,0.3,1.5656266,0.020057917
theta1_deg,19.4,0.3,1.5656929,0.020124197
theta1_deg,19.6,0.3,1.5656929,0.020124197
theta1_deg,19.8,0.3,1.565002,0.01943326
theta1_deg,20.0,0.3,1.5630507,0.017482042
theta1_deg,20.2,0.3,1.5657783,0.02020955
theta1_deg,20.4,0.3,1.5612559,0.015687227
theta1_deg,20.6,0.3,1.561993,0.016424298
theta1_deg,20.8,0.3,1.5621897,0.016620994
theta1_deg,21.0,0.3,1.5599238,0.014355063
theta1_deg,21.2,0.3,1.5592959,0.013727188
theta1_deg,21.4,0.3,1.5590008,0.013432145
theta1_deg,21.6,0.3,1.5578526,0.012283921
theta1_deg,21.8,0.3,1.5570602,0.011491537
theta1_deg,22.0,0.3,1.5572569,0.011688232
theta1_deg,22.2,0.3,1.5562859,0.010717154
theta1_deg,22.4,0.3,1.5555698,0.010001063
theta1_deg,22.6,0.3,1.5570871,0.011518359
theta1_deg,22.8,0.3,1.556271,0.010702252
theta1_deg,23.0,0.3,1.5551856,0.009616852
theta1_deg,23.2,0.3,1.5549958,0.009427071
theta1_deg,23.4,0.3,1.5487202,0.003151536
theta1_deg,23.6,0.3,1.5487202,0.003151536
theta1_deg,23.8,0.3,1.5478096,0.0022408962
theta1_deg,24.0,0.3,1.5474405,0.0018718243
theta1_deg,24.2,0.3,1.5470865,0.0015177727
theta1_deg,24.4,0.3,1.5472841,0.0017154217
theta1_deg,24.6,0.3,1.5472841,0.0017154217
theta1_deg,24.8,0.3,1.5473509,0.0017821789
theta1_deg,25.0,0.3,1.5471448,0.001576066
theta1_deg,25.2,0.3,1.545889,0.00032031536
theta1_deg,25.4,0.3,1.5453031,-0.0002655983
theta1_deg,25.6,0.3,1.5461105,0.0005418062
theta1_deg,25.8,0.3,1.5461892,0.00062048435
theta1_deg,26.0,0.3,1.5457253,0.000156641
theta1_deg,26.200000000000003,0.3,1.5475601,0.0019913912
theta1_deg,26.4,0.3,1.547087,0.0015182495
theta1_deg,26.6,0.3,1.5467567,0.0011880398
theta1_deg,26.8,0.3,1.5467567,0.0011880398
theta1_deg,27.0,0.3,1.5469704,0.0014016628
theta1_deg,27.200000000000003,0.3,1.5467947,0.0012259483
theta1_deg,27.4,0.3,1.5462884,0.0007196665
theta1_deg,27.6,0.3,1.5460393,0.00047063828
theta1_deg,27.8,0.3,1.5458223,0.00025355816
theta1_deg,28.0,0.3,1.5455687,0.0
theta1_deg,28.200000000000003,0.3,1.5457258,0.00015711784
theta1_deg,28.4,0.3,1.5453284,-0.00024032593
theta1_deg,28.6,0.3,1.5451307,-0.00043797493
theta1_deg,28.8,0.3,1.5456177,4.8995018e-05
theta1_deg,29.0,0.3,1.544565,-0.0010037422
theta1_deg,29.200000000000003,0.3,1.544565,-0.0010037422
theta1_deg,29.4,0.3,1.5444444,-0.0011242628
theta1_deg,29.6,0.3,1.5423276,-0.0032410622
theta1_deg,29.8,0.3,1.5420891,-0.0034796
theta1_deg,30.0,0.3,1.5420891,-0.0034796
theta1_deg,30.200000000000003,0.3,1.5405976,-0.0049711466
theta1_deg,30.4,0.3,1.5408096,-0.0047590733
theta1_deg,30.6,0.3,1.5409527,-0.004616022
theta1_deg,30.8,0.3,1.5412334,-0.0043352842
theta1_deg,31.0,0.3,1.5392551,-0.0063135624
theta1_deg,31.200000000000003,0.3,1.5393136,-0.00625515
theta1_deg,31.4,0.3,1.5402312,-0.0053374767
theta1_deg,31.6,0.3,1.5380284,-0.007540345
theta1_deg,31.8,0.3,1.5378321,-0.0077365637
theta1_deg,32.0,0.3,1.5363607,-0.009207964
theta1_deg,32.2,0.3,1.5358423,-0.009726405
theta1_deg,32.4,0.3,1.5352539,-0.010314822
theta1_deg,32.6,0.3,1.5344862,-0.01108253
theta1_deg,32.8,0.3,1.5339527,-0.011615992
theta1_deg,33.0,0.3,1.5339527,-0.011615992
theta1_deg,33.2,0.3,1.5343143,-0.01125443
theta1_deg,33.4,0.3,1.5343986,-0.011170149
theta1_deg,33.6,0.3,1.5338434,-0.0117253065
theta1_deg,33.8,0.3,1.5338434,-0.0117253065
theta1_deg,34.0,0.3,1.533801,-0.011767745
theta1_deg,34.2,0.3,1.5336148,-0.01195395
theta1_deg,34.400000000000006,0.3,1.5336148,-0.01195395
theta1_deg,34.6,0.3,1.5333818,-0.012186885
theta1_deg,34.8,0.3,1.5338794,-0.011689305
theta1_deg,35.0,0.3,1.5326539,-0.012914777
theta1_deg,35.2,0.3,1.5323597,-0.013208985
theta1_deg,35.400000000000006,0.3,1.5321274,-0.013441324
theta1_deg,35.6,0.3,1.5324296,-0.013139129
theta1_deg,35.8,0.3,1.5303202,-0.015248537
theta1_deg,36.0,0.3,1.5303202,-0.015248537
theta1_deg,36.2,0.3,1.5303202,-0.015248537
theta1_deg,36.400000000000006,0.3,1.5315007,-0.0140680075
theta1_deg,36.6,0.3,1.5315007,-0.0140680075
theta1_deg,36.8,0.3,1.5275489,-0.018019795
theta1_deg,37.0,0.3,1.5278213,-0.017747402
theta1_deg,37.2,0.3,1.5281006,-0.017468095
theta1_deg,37.400000000000006,0.3,1.530567,-0.015001655
theta1_deg,37.6,0.3,1.5287851,-0.016783595
theta1_deg,37.8,0.3,1.529111,-0.016457677
theta1_deg,38.0,0.3,1.526125,-0.01944375
theta2_deg,135.0,0.3,1.4975548,-0.048013926
theta2_deg,135.2,0.3,1.4974413,-0.048127413
theta2_deg,135.4,0.3,1.4985833,-0.046985388
theta2_deg,135.6,0.3,1.4985833,-0.046985388
theta2_deg,135.8,0.3,1.4989378,-0.04663086
theta2_deg,136.0,0.3,1.4986953,-0.04687345
theta2_deg,136.2,0.3,1.4998659,-0.045702815
theta2_deg,136.4,0.3,1.5007783,-0.044790387
theta2_deg,136.6,0.3,1.5011004,-0.044468284
theta2_deg,136.8,0.3,1.5020199,-0.043548822
theta2_deg,137.0,0.3,1.5033084,-0.04226029
theta2_deg,137.2,0.3,1.5033048,-0.042263865
theta2_deg,137.4,0.3,1.5024178,-0.0431509
theta2_deg,137.6,0.3,1.5074238,-0.038144946
theta2_deg,137.8,0.3,1.5067499,-0.038818836
theta2_deg,138.0,0.3,1.5071127,-0.038455963
theta2_deg,138.2,0.3,1.5082465,-0.037322164
theta2_deg,138.4,0.3,1.5081412,-0.037427545
theta2_deg,138.6,0.3,1.5085922,-0.036976457
theta2_deg,138.8,0.3,1.5088389,-0.036729813
theta2_deg,139.0,0.3,1.5089034,-0.03666532
theta2_deg,139.2,0.3,1.5107098,-0.034858942
theta2_deg,139.4,0.3,1.5115774,-0.033991337
theta2_deg,139.6,0.3,1.511532,-0.034036756
theta2_deg,139.8,0.3,1.5119019,-0.03366685
theta2_deg,140.0,0.3,1.5124203,-0.033148408
theta2_deg,140.2,0.3,1.5134231,-0.03214562
theta2_deg,140.4,0.3,1.5224028,-0.023165941
theta2_deg,140.6,0.3,1.5224028,-0.023165941
theta2_deg,140.8,0.3,1.5240117,-0.021556973
theta2_deg,141.0,0.3,1.5281851,-0.017383575
theta2_deg,141.2,0.3,1.5304054,-0.015163302
theta2_deg,141.4,0.3,1.5303181,-0.015250564
theta2_deg,141.6,0.3,1.5303181,-0.015250564
theta2_deg,141.8,0.3,1.5303181,-0.015250564
theta2_deg,142.0,0.3,1.5297539,-0.015814781
theta2_deg,142.2,0.3,1.5317067,-0.013862014
theta2_deg,142.4,0.3,1.5318795,-0.01368916
theta2_deg,142.6,0.3,1.5332483,-0.012320399
theta2_deg,142.8,0.3,1.5334747,-0.012094021
theta2_deg,143.0,0.3,1.5372223,-0.008346438
theta2_deg,143.2,0.3,1.5379379,-0.007630825
theta2_deg,143.4,0.3,1.5381411,-0.007427573
theta2_deg,143.6,0.3,1.5398259,-0.0057427883
theta2_deg,143.8,0.3,1.5398839,-0.0056848526
theta2_deg,144.0,0.3,1.5402939,-0.0052747726
theta2_deg,144.2,0.3,1.5403534,-0.005215287
theta2_deg,144.4,0.3,1.5403534,-0.005215287
theta2_deg,144.6,0.3,1.5393544,-0.006214261
theta2_deg,144.8,0.3,1.5441091,-0.0014595985
theta2_deg,145.0,0.3,1.5455687,0.0
theta2_deg,145.2,0.3,1.5514888,0.0059200525
theta2_deg,145.4,0.3,1.5536991,0.008130431
theta2_deg,145.6,0.3,1.5567899,0.01122117
theta2_deg,145.8,0.3,1.556304,0.010735273
theta2_deg,146.0,0.3,1.5582602,0.012691498
theta2_deg,146.2,0.3,1.5595233,0.013954639
theta2_deg,146.4,0.3,1.5604174,0.014848709
theta2_deg,146.6,0.3,1.560543,0.0149742365
theta2_deg,146.8,0.3,1.5610347,0.015465975
theta2_deg,147.0,0.3,1.5612658,0.015697122
theta2_deg,147.2,0.3,1.5650754,0.019506693
theta2_deg,147.4,0.3,1.5649631,0.019394398
theta2_deg,147.6,0.3,1.5671169,0.021548152
theta2_deg,147.8,0.3,1.5670211,0.021452427
theta2_deg,148.0,0.3,1.567056,0.021487236
theta2_deg,148.2,0.3,1.5645473,0.018978596
theta2_deg,148.4,0.3,1.5823696,0.03680086
theta2_deg,148.6,0.3,1.5676475,0.022078753
theta2_deg,148.8,0.3,1.5683358,0.022767067
theta2_deg,149.0,0.3,1.5704311,0.024862409
theta2_deg,149.2,0.3,1.5753746,0.029805899
theta2_deg,149.4,0.3,1.5816497,0.036080956
theta2_deg,149.6,0.3,1.5824298,0.036861062
theta2_deg,149.8,0.3,1.58361,0.038041353
theta2_deg,150.0,0.3,1.583666,0.038097262
theta2_deg,150.2,0.3,1.5838764,0.038307667
theta2_deg,150.4,0.3,1.5835665,0.03799784
theta2_deg,150.6,0.3,1.5840299,0.03846121
theta2_deg,150.8,0.3,1.5864588,0.040890098
theta2_deg,151.0,0.3,1.5864588,0.040890098
theta2_deg,151.2,0.3,1.5885006,0.042931914
theta2_deg,151.4,0.3,1.5898424,0.044273734
theta2_deg,151.6,0.3,1.588905,0.043336272
theta2_deg,151.8,0.3,1.5911367,0.04556799
theta2_deg,152.0,0.3,1.5908921,0.045323372
theta2_deg,152.2,0.3,1.5940518,0.048483133
theta2_deg,152.4,0.3,1.5954938,0.04992509
theta2_deg,152.6,0.3,1.5953467,0.049777985
theta2_deg,152.8,0.3,1.5975688,0.052000046
theta2_deg,153.0,0.3,1.5986886,0.053119898
theta2_deg,153.2,0.3,1.5985199,0.052951217
theta2_deg,153.4,0.3,1.5991446,0.053575873
theta2_deg,153.6,0.3,1.6023388,0.056770086
theta2_deg,153.8,0.3,1.6024083,0.056839585
theta2_deg,154.0,0.3,1.6078837,0.062314987
theta2_deg,154.2,0.3,1.6082704,0.0627017
theta2_deg,154.4,0.3,1.6071694,0.061600685
theta2_deg,154.6,0.3,1.6061743,0.060605645
theta2_deg,154.8,0.3,1.6073472,0.061778545
theta2_deg,155.0,0.3,1.6067158,0.061147094
