candidate_id,L1_mm,L3_mm,L4_mm,theta1_deg,theta2_deg,mu,BF_XGB,Delta_BF_XGB,BF_RSM,Delta_BF_RSM,Method,BF_physical,Delta_BF_physical,CL_physical,CT_physical,CL_CT_physical
2889.0,36.26858747961717,143.12247628292667,160.90980930909154,18.889600483198,135.04422832240246,0.3,1.4972678422927856,26.510143280029297,1.5026028415985553,26.391293522044226,XGBoost,1.503694165888896,26.515925097440533,1.0346599289141911,0.469034236974705,2.205936896180119
3208.0,36.09487325700815,143.0869777073979,154.03501618306183,19.003198618323975,146.2795438471413,0.3,1.6267813444137573,28.618223190307617,1.6597800563374894,28.927633367286095,XGBoost,1.631495402861285,28.626985522467272,1.1610735774524146,0.4704218254088704,2.468154143237847
3771.0,44.61260516748379,143.0876352556727,152.79838381480164,18.378275324721237,154.63224150143228,0.3,1.6652920246124268,29.327560424804688,1.7032163696242284,29.823063148740797,XGBoost,1.6728619350418121,29.50226054987205,1.20474092261104,0.4681210124307722,2.5735672841415176
6068.0,37.8880106681578,143.09547346716184,156.06789256898045,18.0941464576447,151.95072410853865,0.3,1.6455157995224,28.879486083984375,1.6836971631025048,29.33238091561532,XGBoost,1.6505501805044505,28.97484654034705,1.1803402936109264,0.47020988689352394,2.5102413337348795
7342.0,43.77926891816704,143.1095079700143,155.54356461748696,18.39152367472226,149.39035443700132,0.3,1.631115198135376,28.638978958129883,1.6430598360284883,28.8256262042382,XGBoost,1.6140307745985008,28.539533683271095,1.1472147504040426,0.46681602419445806,2.4575307850318264
8200.0,35.219766789410194,141.3553866823456,158.94645426790032,20.20625473985027,135.0308596688433,0.3,1.5074069499969482,26.75316619873047,1.5081133529579103,26.664598956935567,XGBoost,1.5081441168589336,26.74968668809507,1.0420423631656195,0.4661017536933141,2.2356542426812305
11123.0,35.77189625439404,143.01402054956435,156.45240195219543,18.145756007076926,135.05178724426383,0.3,1.5419071912765503,26.894084930419922,1.5474134500012382,26.992618985095238,XGBoost,1.5404182490901774,26.991561501386435,1.0687942816893692,0.4716239674008082,2.2662000991587807
12445.0,36.629942787861566,143.12826335576815,152.036672257905,18.149762179978943,139.7045384544791,0.3,1.5874947309494019,27.832422256469727,1.6242529601626416,28.242343732397106,XGBoost,1.604296575748114,28.04859953908798,1.1321049156223995,0.47219166012571456,2.3975538138919945
13533.0,44.095623770231384,142.19281630631087,160.53719821632427,18.02334804229266,135.38750464195635,0.3,1.4777508974075317,26.413633346557617,1.4847583655924783,26.26195838444426,XGBoost,1.4827782146825532,26.39144621686948,1.0179617486560069,0.46481646602654625,2.190029448306743
14473.0,35.321718236508126,142.4309283181078,152.4097485570892,18.515099370921376,136.9523136821229,0.3,1.5697729587554932,27.551992416381836,1.5976176783016367,27.83469976639633,XGBoost,1.5825632132941385,27.704780955744816,1.1108859469692105,0.47167726632492796,2.3551822957775244
16155.0,43.292100683490645,142.47766805515704,152.3953933181366,18.1464968477547,152.67079776185233,0.3,1.6503664255142212,29.315526962280273,1.6940379746175371,29.690824864278486,XGBoost,1.6651307716599435,29.377768733087056,1.1972225768238216,0.4679081948361218,2.5586698203546785
16734.0,38.902630841859356,142.78566582517013,152.45758899760963,18.474470238166866,142.86245059195437,0.3,1.5945345163345337,28.106704711914062,1.6335121123934946,28.543486357553565,XGBoost,1.61128675705414,28.31523262454043,1.141551426377006,0.46973533067713413,2.430201332165996
17669.0,41.64546268840413,142.43563160878495,161.27958572228465,19.96439168993759,135.2582204924706,0.3,1.4815971851348877,26.47360610961914,1.4792227859158964,26.241482627967518,XGBoost,1.4802444658284335,26.384897675221254,1.0161002707011977,0.4641441951272357,2.1891909483488305
19734.0,41.30203545009286,141.1352626581398,155.90482272699415,18.54680789054704,135.0337329874177,0.3,1.5278934240341187,26.85226058959961,1.5199365497904496,26.855326064334097,XGBoost,1.5162116554996854,26.902925727201744,1.0504058652699197,0.4658057902297657,2.255029643903291
20136.0,35.06055606116331,142.1493390427889,155.7911046884381,18.393004422283912,136.18146919363258,0.3,1.5533586740493774,27.199195861816406,1.5584933095691729,27.255827833265446,XGBoost,1.5492065629351799,27.21472278900059,1.078924922748103,0.4702816401870768,2.294210172268068
20178.0,38.015184091015335,142.737283634049,152.337015177881,18.387051867112948,152.6579487093486,0.3,1.6701116561889648,29.471302032470703,1.7190313999994435,29.944511176488664,XGBoost,1.687979448885534,29.59452806504676,1.2170804812187477,0.4708989676667862,2.5845894019457027
22356.0,41.71699579277995,140.22725512534234,161.42896123743034,19.368152506629098,135.15175305494927,0.3,1.4793314933776855,26.452383041381836,1.4651912317799236,26.17298897783812,XGBoost,1.469423689515716,26.352521027809345,1.008072382424177,0.46135130709153904,2.1850428663122012
22799.0,39.024342551548834,143.12535750477153,155.7540073019235,18.260411191542754,153.3489440678209,0.3,1.650009036064148,29.05813980102539,1.6932074620784108,29.517629443914092,XGBoost,1.6591502528231632,29.145834652501527,1.1892469689726046,0.4699032838505587,2.5308334924316376
23077.0,44.57603728972943,138.74197550747607,161.8614420694521,18.53488758880617,135.23542871987706,0.3,1.467774510383606,26.277114868164062,1.4506406164761687,26.043681465954112,XGBoost,1.4534649177396637,26.24263219800302,0.9950935576123597,0.45837136012730384,2.170933099607252
24111.0,35.16096111593682,142.82536629450456,156.09362265305742,18.341903803518225,137.63693175052472,0.3,1.5669728517532349,27.373260498046875,1.5723687199971668,27.435883165494577,XGBoost,1.5589379548758067,27.3454846873536,1.0880378994056235,0.47090005547018315,2.3105495248227186
25207.0,43.14115229414138,143.08735531463964,153.40000433538907,18.43595419548125,146.34058466533287,0.3,1.6211566925048828,28.410463333129883,1.6378359762414072,28.715843712458042,XGBoost,1.6131045462847395,28.472823064153996,1.1454587228368271,0.4676458234479123,2.4494150602938327
25215.0,35.12629620994715,141.64030453899767,155.4984508896752,18.845313184432015,135.10143065409812,0.3,1.5474332571029663,27.082311630249023,1.5472580587253093,27.13133769848176,XGBoost,1.5409948633986663,27.125223761612048,1.0716080975415134,0.4693867658571529,2.2829959757911724
25851.0,37.88476614357324,143.09085310721076,153.34456730352073,19.88730077300091,136.8507970846562,0.3,1.5690423250198364,27.390945434570312,1.5792404151883082,27.632663886811958,XGBoost,1.564770356803975,27.512736749581983,1.0950630013703655,0.4697073554336094,2.3313729042191818
26469.0,41.66670201808833,143.08758271810365,153.43438133063003,18.514349005733273,146.68385215492933,0.3,1.6259199380874634,28.610689163208008,1.6463619863146932,28.8260949321317,XGBoost,1.6208266898980088,28.564569647794315,1.1524573531213564,0.4683693367766523,2.460573873286927
28765.0,36.045638217968346,142.23526510400114,155.66182326667195,18.176741322777005,143.32635004571333,0.3,1.5890976190567017,27.876264572143555,1.6169387147558214,28.272786287585465,XGBoost,1.5941988675112824,28.047458483263842,1.1249599101907757,0.46923895732050663,2.3974137113734755
29905.0,35.1654741351836,143.13432614400836,155.41640307143228,20.315099812461977,139.5715812362105,0.3,1.5749343633651733,27.644832611083984,1.5921443638516983,27.84796496486908,XGBoost,1.5724775232562784,27.66950163674385,1.103195595435441,0.46928192782083733,2.3508162791570775
25.0,36.94638707851968,143.14704293010658,153.28769635986117,19.05903772461218,139.79256505088512,0.3,1.580902338027954,27.796655654907227,1.6100429940886527,28.087070884433647,RSM,1.590161134548685,27.896157966429314,1.1195330612995211,0.47062807324916384,2.37880637585087
797.0,36.65487757581775,142.91462836270597,155.81824077863268,18.980886407390194,136.52329708635486,0.3,1.5474263429641724,27.22878646850586,1.5595606352534062,27.27652619692667,RSM,1.548379579634163,27.213195966718867,1.0783217127369842,0.470057866897179,2.2940190744065507
1467.0,37.286456026621146,142.89914286151406,155.67258499637234,18.15029903761922,135.5278474890937,0.3,1.5463517904281616,27.123395919799805,1.5525707627304057,27.11771790151241,RSM,1.544101618093722,27.093021195598705,1.0731888615498926,0.4709127565438293,2.2789547461537234
2782.0,41.37790040134578,142.02982854044814,161.90625144042963,19.690919261738447,135.115801722772,0.3,1.4649606943130493,26.438615798950195,1.4716404224332824,26.14195851100273,RSM,1.4748646867362332,26.314688613286712,1.0110985547584836,0.46376613197774946,2.1801905853853816
2889.0,36.26858747961717,143.12247628292667,160.90980930909154,18.889600483198,135.04422832240246,0.3,1.4972678422927856,26.510143280029297,1.5026028415985553,26.391293522044226,RSM,1.503694165888896,26.515925097440533,1.0346599289141911,0.469034236974705,2.205936896180119
2924.0,35.599908345853486,142.69870730654554,159.69434151660906,18.868505717191237,136.45470271168566,0.3,1.4992142915725708,26.791921615600586,1.5246862463304556,26.76600825617159,RSM,1.5203113657691771,26.80803436046538,1.0515194991535184,0.4687918666156588,2.2430412599619856
3208.0,36.09487325700815,143.0869777073979,154.03501618306183,19.003198618323975,146.2795438471413,0.3,1.6267813444137573,28.618223190307617,1.6597800563374894,28.927633367286095,RSM,1.631495402861285,28.626985522467272,1.1610735774524146,0.4704218254088704,2.468154143237847
3863.0,38.4371007699707,143.0017095935924,153.63352479732507,18.131148630958403,143.38196076442773,0.3,1.5888502597808838,27.991641998291016,1.6317171431233861,28.47420289685194,RSM,1.6083594555224097,28.23893856463837,1.138199583645084,0.4701598718773257,2.420877773129187
4639.0,37.209278622129126,141.95675332196134,157.15000770693888,18.67181774296444,135.12183707741053,0.3,1.505811333656311,26.887659072875977,1.5279318752647941,26.85348595583341,RSM,1.5241043173103386,26.890043691968263,1.0556397998064517,0.4684645175038869,2.2534039620144615
4971.0,35.708004717736586,142.74138220081474,155.79273131983487,18.750459287070555,135.7619780951894,0.3,1.5450552701950073,27.186613082885742,1.5561816968138156,27.19185194437669,RSM,1.5467549759779653,27.151896810723276,1.0760932012178182,0.47066177476014714,2.2863407629952603
5166.0,38.6637215490949,142.11866987748175,158.50203737940976,18.170247994912227,135.81316347270368,0.3,1.4911094903945923,26.88200569152832,1.5195077905736873,26.732479166240775,RSM,1.515741579571109,26.782421555392062,1.0478912330760204,0.4678503464950888,2.2398000577028974
6068.0,37.8880106681578,143.09547346716184,156.06789256898045,18.0941464576447,151.95072410853865,0.3,1.6455157995224,28.879486083984375,1.6836971631025048,29.33238091561532,RSM,1.6505501805044505,28.97484654034705,1.1803402936109264,0.47020988689352394,2.5102413337348795
6080.0,36.918942721254076,142.34278967496041,154.7677231104673,18.055493381114204,152.20762536770187,0.3,1.6492705345153809,29.270137786865234,1.6969671016894603,29.58932535763058,RSM,1.6638944519994086,29.219298101796692,1.1938229097068087,0.47007154229259984,2.539662162666516
6157.0,35.4314098309524,142.74988462254262,155.05587742745467,19.169486154049917,145.547674029327,0.3,1.6079299449920654,28.631044387817383,1.6441985584489007,28.708461699698457,RSM,1.6169188432728188,28.42236915355984,1.1473306902430453,0.46958815302977336,2.4432700928260025
6488.0,35.20543034528144,141.54401477741183,154.29267891142655,18.44926489591159,135.4740547179104,0.3,1.5540745258331299,27.28141212463379,1.5617642859086618,27.341003304850478,RSM,1.5534337405109253,27.30309002052674,1.0834450745230135,0.46998866598791184,2.305257877326939
6559.0,37.29731526612794,142.43038022670012,152.13948581626022,18.386016844225033,145.83285185105902,0.3,1.6193652153015137,28.666942596435547,1.665576821427487,29.06885457676258,RSM,1.639666335754194,28.78647920370786,1.1695089792736775,0.47015735648051665,2.4874841649364727
6691.0,35.58789661567016,142.922132592727,155.75289836775315,18.672470495139518,137.77203314269943,0.3,1.5541311502456665,27.40126609802246,1.5750744109586532,27.49599832469408,RSM,1.5607778127235763,27.391888409097014,1.0901445184772545,0.47063329424632194,2.316335312024674
6742.0,35.60614975007502,141.86700328924155,153.09156014358743,18.360995445734588,153.99285710254625,0.3,1.6651970148086548,29.520137786865234,1.7289914141787222,30.127573420931046,RSM,1.6947461243773776,29.732744821000324,1.2241232784743952,0.4706228459029823,2.6010706643993755
7488.0,36.607289431776934,142.62053021477476,152.76578965001107,18.22293198472252,149.25431326290362,0.3,1.6388241052627563,29.17365074157715,1.692944835583332,29.481877833225877,RSM,1.6632044213611004,29.15375740263159,1.192279980963832,0.4709244403972684,2.531786160765055
8895.0,36.19750827207219,142.67507387438496,155.98373513864894,18.331718253828235,151.0996553369072,0.3,1.6285545825958252,28.945247650146484,1.6807114278073203,29.297881453837366,RSM,1.6480555670066324,28.94219955649554,1.1780289512336266,0.4700266157730057,2.506302646917644
10237.0,36.77133549720038,142.93439913772283,160.12494672823684,18.329262526515453,135.07117737650745,0.3,1.4919989109039307,26.543228149414062,1.5090628367827499,26.47763424928654,RSM,1.5088458149923687,26.582011166064532,1.0394377384632258,0.46940807652914274,2.2143584451059044
10528.0,36.09457127542794,143.14341334398503,154.398907574108,19.441259319931067,139.9509075946399,0.3,1.57828688621521,27.770734786987305,1.6034919516039343,27.995346260294443,RSM,1.5833025992293988,27.805240878179376,1.1131444552631533,0.4701581439662454,2.3675958175959417
10666.0,37.94956810664253,142.55479019582145,153.56473227893298,18.03467969730675,144.9620065938525,0.3,1.6037003993988037,28.331924438476562,1.6446783889948757,28.72042687771081,RSM,1.6196736784912327,28.458452850349396,1.1498851531853045,0.4697885253059282,2.447665473388254
11123.0,35.77189625439404,143.01402054956435,156.45240195219543,18.145756007076926,135.05178724426383,0.3,1.5419071912765503,26.894084930419922,1.5474134500012382,26.992618985095238,RSM,1.5404182490901774,26.991561501386435,1.0687942816893692,0.4716239674008082,2.2662000991587807
11315.0,37.2232892758528,142.9035839494288,152.15082622065555,18.64548159570414,135.05408383603205,0.3,1.5463364124298096,27.233484268188477,1.5798634183133973,27.529830771332374,RSM,1.56887545848671,27.453540242828563,1.0968930090812734,0.4719824494054366,2.3240122815224296
11731.0,38.77162425969745,143.01382305646936,154.39425667724313,18.038036622863046,152.47741406210866,0.3,1.6494947671890259,29.275684356689453,1.6988815225930076,29.597033809648362,RSM,1.6663926798564457,29.24026825487587,1.195950031552067,0.4704426483043786,2.5421802973489807
12192.0,35.85633952536719,142.3807942175861,157.13945067052833,18.45865138884336,152.00551205660526,0.3,1.6088775396347046,28.942432403564453,1.6768144903182183,29.272160210397136,RSM,1.6432521133505782,28.9041047256689,1.1739799542166618,0.46927215913391634,2.5017038223263586
12241.0,37.229113240154476,142.73765625037197,153.298606461997,18.508601640313945,137.51667993587014,0.3,1.5618925094604492,27.55837631225586,1.588668045734559,27.73050014395778,RSM,1.5738663949953065,27.60707288475462,1.1030832936968047,0.4707831012985018,2.343081751775518
12432.0,36.13158517540473,142.6269342041292,152.06178746931937,19.76165360625999,145.91815908482386,0.3,1.6222097873687744,28.754066467285156,1.6698940084671108,29.16604841866081,RSM,1.6423016098238437,28.8598855712632,1.1725843061446088,0.4697173036792349,2.4963617413280446
12445.0,36.629942787861566,143.12826335576815,152.036672257905,18.149762179978943,139.7045384544791,0.3,1.5874947309494019,27.832422256469727,1.6242529601626416,28.242343732397106,RSM,1.604296575748114,28.04859953908798,1.1321049156223995,0.47219166012571456,2.3975538138919945
12848.0,35.42010041304367,141.8401693158492,152.99438271004212,19.23030202247312,140.1563248826309,0.3,1.571736454963684,27.926937103271484,1.6123689679399331,28.223666247646424,RSM,1.5926887552900313,28.025325498682758,1.1235189100235528,0.4691698452664784,2.3946954847138953
13533.0,44.095623770231384,142.19281630631087,160.53719821632427,18.02334804229266,135.38750464195635,0.3,1.4777508974075317,26.413633346557617,1.4847583655924783,26.26195838444426,RSM,1.4827782146825532,26.39144621686948,1.0179617486560069,0.46481646602654625,2.190029448306743
14332.0,35.77368309921503,142.80619562094236,155.2043991518032,18.419718841362943,151.0716866250143,0.3,1.6306194067001343,29.057903289794922,1.6898801779315904,29.419867671524475,RSM,1.657015496485941,29.061337191426496,1.1863613827166253,0.4706541137693157,2.5206650659343928
14473.0,35.321718236508126,142.4309283181078,152.4097485570892,18.515099370921376,136.9523136821229,0.3,1.5697729587554932,27.551992416381836,1.5976176783016367,27.83469976639633,RSM,1.5825632132941385,27.704780955744816,1.1108859469692105,0.47167726632492796,2.3551822957775244
14630.0,37.12390819712917,142.8174862281648,154.89021165125135,18.35086433330808,146.83920939519535,0.3,1.6102110147476196,28.602407455444336,1.6524333444944634,28.83644734282412,RSM,1.6246464801184892,28.543194141215682,1.1548206125423714,0.46982586757611783,2.4579757996302227
15086.0,36.467337209814836,142.61198713584793,152.03749007019178,18.734525990597444,135.5588842985787,0.3,1.5552606582641602,27.3937931060791,1.585769716506415,27.64456152216032,RSM,1.5736122287134744,27.550610684698064,1.1019167912453836,0.4716954374680909,2.3360768489941686
15640.0,35.35821932632156,142.44700923591807,156.34735622705256,18.41218502076137,154.06050704425425,0.3,1.647948980331421,29.178129196166992,1.703850590500064,29.67429632649633,RSM,1.6675964831772576,29.270034401045926,1.1972883673867498,0.4703081157905078,2.5457531503029927
16004.0,36.01751251320878,142.66489875104782,161.68861369677995,19.262377874316048,138.05050712553685,0.3,1.5066598653793335,26.76987648010254,1.5165761045728887,26.720604728699275,RSM,1.5123585067146643,26.770150880759285,1.04532842257592,0.4670300841387443,2.2382464386713385
16734.0,38.902630841859356,142.78566582517013,152.45758899760963,18.474470238166866,142.86245059195437,0.3,1.5945345163345337,28.106704711914062,1.6335121123934946,28.543486357553565,RSM,1.61128675705414,28.31523262454043,1.141551426377006,0.46973533067713413,2.430201332165996
17669.0,41.64546268840413,142.43563160878495,161.27958572228465,19.96439168993759,135.2582204924706,0.3,1.4815971851348877,26.47360610961914,1.4792227859158964,26.241482627967518,RSM,1.4802444658284335,26.384897675221254,1.0161002707011977,0.4641441951272357,2.1891909483488305
18587.0,35.4180417736382,142.9784736087029,154.81224907703026,18.179949474315023,154.68467659980035,0.3,1.6572985649108887,29.380849838256836,1.7269234407327274,29.965840397410577,RSM,1.6903540644130222,29.561864502032492,1.2182790208063894,0.47207504360663266,2.5806893147724796
19233.0,43.8608755307097,140.11477557024406,161.99029184754352,19.031568567584237,135.38150809613586,0.3,1.4612096548080444,26.315736770629883,1.4581540164919038,26.08114886260118,RSM,1.460835337058608,26.267807128221083,1.000609382636555,0.460225954422053,2.1741698246747294
19475.0,43.60344972997224,143.05753779112254,160.6737264388396,18.465899241579407,135.54184734164704,0.3,1.4805963039398193,26.544612884521484,1.4900159237955548,26.295805283275396,RSM,1.4872190253190882,26.41064514675304,1.021369322180615,0.4658497031384731,2.192486794130283
19961.0,36.776516528421375,141.61054439664377,156.7403336684718,18.012184182285917,135.40934221752497,0.3,1.5177432298660278,26.95184898376465,1.5347854901777556,26.94725113523882,RSM,1.5303932098217035,26.97363819979268,1.0615146118405034,0.46887859798119996,2.2639434096820636
20136.0,35.06055606116331,142.1493390427889,155.7911046884381,18.393004422283912,136.18146919363258,0.3,1.5533586740493774,27.199195861816406,1.5584933095691729,27.255827833265446,RSM,1.5492065629351799,27.21472278900059,1.078924922748103,0.4702816401870768,2.294210172268068
20340.0,38.83041059273311,142.86611481301887,152.50195820300158,18.210781315784878,152.8444652498316,0.3,1.6689696311950684,29.58364486694336,1.7167020462186233,29.906374859483744,RSM,1.685791972866066,29.560412529809852,1.2149682089234262,0.4708237639426397,2.5805158999396753
21178.0,35.1804507839428,142.87191602743553,152.6823690931555,19.784661182114288,138.48325529926487,0.3,1.5721495151519775,27.785762786865234,1.6085100170037165,28.05918915685891,RSM,1.5889733177691627,27.870580817471573,1.1182577393266182,0.47071557844254464,2.3756548339160446
21276.0,35.860894342138415,142.72588520214012,155.35229365803494,18.074544444833634,154.00672785909398,0.3,1.6610394716262817,29.343097686767578,1.7132214971404798,29.783567001478378,RSM,1.677419814483119,29.386469922269455,1.2061963569527752,0.47122345753034384,2.559712038263935
21791.0,39.929999780017084,142.2355502996113,161.73078207766065,18.249883448707063,135.7638586600743,0.3,1.473284363746643,26.494626998901367,1.4877070954960074,26.282807542443212,RSM,1.488950296394722,26.422299769618597,1.0227760209095822,0.46617427548513984,2.1939778205161495
22274.0,37.17308399235731,142.01838872485902,153.47407196898868,18.18442936493826,153.16589221522594,0.3,1.6524111032485962,29.456233978271484,1.7132404060485897,29.89394215633953,RSM,1.6803067435488803,29.51615028128233,1.21032078763785,0.4699859559110304,2.5752275624741583
22502.0,35.87830171982813,142.37601837206125,153.42558293021452,18.68603001094141,139.38162885398017,0.3,1.560988187789917,27.74195098876953,1.605181800075886,28.03151451159449,RSM,1.5867955800447702,27.85781120664046,1.1165058324821286,0.4702897475626415,2.3740807412209484
22799.0,39.024342551548834,143.12535750477153,155.7540073019235,18.260411191542754,153.3489440678209,0.3,1.650009036064148,29.05813980102539,1.6932074620784108,29.517629443914092,RSM,1.6591502528231632,29.145834652501527,1.1892469689726046,0.4699032838505587,2.5308334924316376
22816.0,36.81779860561787,142.697825690951,152.98717544489057,18.79130421174061,154.29856934671932,0.3,1.6669431924819946,29.606584548950195,1.7309245383665877,30.130883036609763,RSM,1.697142260350167,29.746582900567155,1.226069619762948,0.47107264058721904,2.6027188041202773
23077.0,44.57603728972943,138.74197550747607,161.8614420694521,18.53488758880617,135.23542871987706,0.3,1.467774510383606,26.277114868164062,1.4506406164761687,26.043681465954112,RSM,1.4534649177396637,26.24263219800302,0.9950935576123597,0.45837136012730384,2.170933099607252
24111.0,35.16096111593682,142.82536629450456,156.09362265305742,18.341903803518225,137.63693175052472,0.3,1.5669728517532349,27.373260498046875,1.5723687199971668,27.435883165494577,RSM,1.5589379548758067,27.3454846873536,1.0880378994056235,0.47090005547018315,2.3105495248227186
24588.0,35.288062101492564,142.6210776719748,152.1474484572145,18.83607550900142,153.6864144950833,0.3,1.6624655723571777,29.64849281311035,1.7398487300829228,30.23651289797043,RSM,1.7061923153473981,29.856983606427935,1.2343282089308727,0.4718641064165254,2.615855268807631
24922.0,40.92214789200693,142.89767441919938,152.4551653799524,18.08909761709431,138.28144396065113,0.3,1.5685758590698242,27.606481552124023,1.589629271483827,27.800196982992336,RSM,1.5749556146105896,27.683955740445814,1.1051849767258892,0.4697706378847004,2.352605479351274
25465.0,37.9473018022941,142.17549734276162,161.4029462555978,19.289591599849924,135.6974190441219,0.3,1.4879462718963623,26.579633712768555,1.491458192367955,26.370474996004152,RSM,1.4932532832101255,26.50175827303353,1.0272130355964235,0.46604024761370194,2.2041294520293757
25558.0,36.48180599910522,142.7389991583736,155.14508255471367,18.286671201693856,153.87306474108107,0.3,1.6497869491577148,29.351625442504883,1.710952310872583,29.77463476688799,RSM,1.6757155708570148,29.381709205174865,1.2048954535771574,0.4708201172798575,2.5591418237147296
25691.0,38.49141878215099,142.95850845625708,153.20287347181963,18.35550138170229,144.03811786869926,0.3,1.594805359840393,28.21828269958496,1.6397758162212002,28.62484242443954,RSM,1.6156934263627643,28.376209733152468,1.1456930523725475,0.4700003739902168,2.437642852591422
27124.0,37.70460051819276,142.7035689165329,158.60594455692055,18.085222842087983,136.9098280154485,0.3,1.507103443145752,26.934009552001953,1.5346412056087484,26.9131322551598,RSM,1.5273481379102511,26.91641531922533,1.0583662192769665,0.46898191863328464,2.2567313945946488
27468.0,39.67364698366689,142.86687730573146,152.4153052807439,18.91480812687244,144.77857795002353,0.3,1.601450800895691,28.389036178588867,1.6455327984890884,28.79171787408139,RSM,1.6215274455511237,28.53766204293255,1.152512338362568,0.4690151071885558,2.4573032311712493
29030.0,38.62748536549711,143.0684275607203,152.55020545053088,18.904759903543674,140.63409987298317,0.3,1.5696114301681519,27.883298873901367,1.6164136548826744,28.23601918799766,RSM,1.5964009160806343,28.039078962453836,1.126371447501138,0.4700294685794964,2.3963847435038725
29757.0,36.2961344787823,142.88935002396178,152.76178245539035,19.120043234907072,136.1872076063435,0.3,1.554406762123108,27.456157684326172,1.5860213004848656,27.65774960746349,RSM,1.5721445354912968,27.54472698728938,1.1007858331359766,0.47135870235532035,2.335346367077743
